,Airline,Source,Destination,Duration,Total_Stops,Price,Journey_day,Journey_month,Week_day,Dep_hour,Dep_min,Arrival_hour,Arrival_min
0,SpiceJet,Kolkata,Banglore,145,non-stop,3873,24,6,Monday,9,0,11,25
1,Air India,Delhi,Cochin,1380,2 stops,13381,12,6,Wednesday,20,15,19,15
2,Air India,Kolkata,Banglore,150,non-stop,6245,18,5,Saturday,14,15,16,45
3,Jet Airways,Delhi,Cochin,715,1 stop,14924,3,6,Monday,7,5,19,0
4,Vistara,Chennai,Kolkata,135,non-stop,7414,6,3,Wednesday,7,5,9,20
5,Vistara,Chennai,Kolkata,135,non-stop,3687,24,5,Friday,7,5,9,20
6,Multiple carriers,Delhi,Cochin,440,1 stop,10791,24,6,Monday,11,40,19,0
7,Jet Airways,Kolkata,Banglore,1330,1 stop,13941,6,5,Monday,6,30,4,40
8,Jet Airways,Banglore,New Delhi,1050,1 stop,13817,12,3,Tuesday,16,55,10,25
9,Air India,Kolkata,Banglore,155,non-stop,4880,21,4,Sunday,20,45,23,20
10,IndiGo,Chennai,Kolkata,145,non-stop,3540,21,6,Friday,5,15,7,40
11,Air India,Kolkata,Banglore,1440,1 stop,6528,12,5,Sunday,14,35,14,35
12,Multiple carriers,Delhi,Cochin,925,1 stop,10348,18,5,Saturday,7,5,22,30
13,Air India,Delhi,Cochin,965,1 stop,12677,6,3,Wednesday,17,20,9,25
14,Jet Airways,Kolkata,Banglore,845,1 stop,9663,6,5,Monday,20,0,10,5
15,IndiGo,Chennai,Kolkata,140,non-stop,3597,3,6,Monday,14,45,17,5
16,Vistara,Delhi,Cochin,190,non-stop,6216,12,5,Sunday,14,40,17,50
17,Multiple carriers,Delhi,Cochin,480,1 stop,13017,9,4,Tuesday,17,30,1,30
18,IndiGo,Delhi,Cochin,325,1 stop,5636,15,6,Saturday,2,0,7,25
19,SpiceJet,Kolkata,Banglore,140,non-stop,3873,3,4,Wednesday,22,20,0,40
20,Multiple carriers,Delhi,Cochin,780,1 stop,14277,21,5,Tuesday,8,0,21,0
21,Jet Airways,Mumbai,Hyderabad,90,non-stop,5678,27,3,Wednesday,19,35,21,5
22,SpiceJet,Delhi,Cochin,270,1 stop,4812,24,6,Monday,8,45,13,15
23,Air India,Delhi,Cochin,615,1 stop,8372,12,6,Wednesday,9,0,19,15
24,IndiGo,Delhi,Cochin,345,1 stop,6349,1,5,Wednesday,21,50,3,35
25,IndiGo,Banglore,New Delhi,175,non-stop,8855,15,3,Friday,18,25,21,20
26,IndiGo,Kolkata,Banglore,165,non-stop,4462,18,3,Monday,9,35,12,20
27,Air India,Kolkata,Banglore,875,2 stops,12303,21,5,Tuesday,5,50,20,25
28,SpiceJet,Kolkata,Banglore,330,1 stop,8224,12,6,Wednesday,15,55,21,25
29,Air India,Delhi,Cochin,705,1 stop,8991,9,3,Saturday,20,30,8,15
30,Jet Airways,Delhi,Cochin,1375,2 stops,10368,6,6,Thursday,5,30,4,25
31,IndiGo,Delhi,Cochin,710,1 stop,14871,3,3,Sunday,9,10,21,0
32,Multiple carriers,Delhi,Cochin,390,1 stop,7198,27,6,Thursday,19,0,1,30
33,Jet Airways,Delhi,Cochin,1225,1 stop,10262,1,6,Saturday,8,0,4,25
34,Jet Airways,Delhi,Cochin,335,1 stop,12898,27,5,Monday,22,50,4,25
35,SpiceJet,Kolkata,Banglore,340,1 stop,6197,24,3,Sunday,15,5,20,45
36,IndiGo,Delhi,Cochin,480,1 stop,6528,21,3,Thursday,14,20,22,20
37,Multiple carriers,Delhi,Cochin,925,1 stop,9646,12,6,Wednesday,7,5,22,30
38,IndiGo,Banglore,Delhi,170,non-stop,4591,18,4,Thursday,23,30,2,20
39,Multiple carriers,Delhi,Cochin,510,1 stop,15411,6,3,Wednesday,10,20,18,50
40,Air India,Kolkata,Banglore,1165,2 stops,12639,1,4,Monday,10,0,5,25
41,IndiGo,Banglore,Delhi,175,non-stop,4823,6,4,Saturday,18,25,21,20
42,Jet Airways,Kolkata,Banglore,1495,1 stop,7064,1,4,Monday,18,55,19,50
43,Jet Airways,Delhi,Cochin,715,1 stop,10262,9,6,Sunday,7,5,19,0
44,IndiGo,Kolkata,Banglore,315,1 stop,6534,18,5,Saturday,21,0,2,15
45,Multiple carriers,Delhi,Cochin,420,1 stop,13727,18,5,Saturday,14,0,21,0
46,IndiGo,Chennai,Kolkata,140,non-stop,6482,6,3,Wednesday,5,15,7,35
47,Jet Airways,Banglore,New Delhi,380,1 stop,26890,1,3,Friday,8,55,15,15
48,Air India,Banglore,New Delhi,665,2 stops,10846,18,3,Monday,11,5,22,10
49,IndiGo,Delhi,Cochin,835,1 stop,6442,6,6,Thursday,8,35,22,30
50,Jet Airways,Delhi,Cochin,1090,2 stops,14237,12,6,Wednesday,18,25,12,35
51,Jet Airways,Delhi,Cochin,775,1 stop,14053,9,3,Saturday,6,50,19,45
52,IndiGo,Chennai,Kolkata,145,non-stop,3540,9,5,Thursday,5,15,7,40
53,Multiple carriers,Delhi,Cochin,845,1 stop,13542,21,3,Thursday,11,30,1,35
54,IndiGo,Delhi,Cochin,985,2 stops,8899,3,3,Sunday,4,55,21,20
55,IndiGo,Kolkata,Banglore,155,non-stop,4174,1,4,Monday,4,40,7,15
56,Air India,Delhi,Cochin,675,1 stop,15284,6,3,Wednesday,8,0,19,15
57,Air India,Delhi,Cochin,2295,2 stops,10598,9,3,Saturday,5,0,19,15
58,Vistara,Kolkata,Banglore,1550,1 stop,8610,1,4,Monday,17,0,18,50
59,Jet Airways,Mumbai,Hyderabad,90,non-stop,4050,3,3,Sunday,2,55,4,25
60,Vistara,Banglore,Delhi,160,non-stop,4878,18,5,Saturday,7,0,9,40
61,Jet Airways,Banglore,Delhi,180,non-stop,6144,21,4,Sunday,7,10,10,10
62,Air India,Delhi,Cochin,765,1 stop,5117,6,4,Saturday,20,40,9,25
63,SpiceJet,Banglore,Delhi,175,non-stop,4991,1,5,Wednesday,21,10,0,5
64,Air India,Chennai,Kolkata,135,non-stop,4667,15,6,Saturday,11,40,13,55
65,Jet Airways,Kolkata,Banglore,345,1 stop,14781,21,5,Tuesday,14,5,19,50
66,Vistara,Banglore,Delhi,170,non-stop,5403,21,4,Sunday,9,45,12,35
67,Jet Airways,Kolkata,Banglore,570,1 stop,9899,12,6,Wednesday,14,5,23,35
68,Vistara,Kolkata,Banglore,1065,1 stop,9187,18,5,Saturday,17,0,10,45
69,Air Asia,Banglore,Delhi,165,non-stop,3383,24,4,Wednesday,11,10,13,55
70,Jet Airways,Delhi,Cochin,1475,2 stops,10976,27,3,Wednesday,19,10,19,45
71,IndiGo,Kolkata,Banglore,170,non-stop,4462,18,3,Monday,5,30,8,20
72,Multiple carriers Premium economy,Delhi,Cochin,705,1 stop,10161,21,3,Thursday,7,30,19,15
73,GoAir,Delhi,Cochin,310,1 stop,10651,1,6,Saturday,14,25,19,35
74,SpiceJet,Kolkata,Banglore,315,1 stop,4649,15,4,Monday,15,5,20,20
75,Jet Airways,Delhi,Cochin,810,2 stops,10368,3,6,Monday,5,30,19,0
76,IndiGo,Banglore,Delhi,170,non-stop,3943,24,6,Monday,13,0,15,50
77,IndiGo,Delhi,Cochin,405,1 stop,14871,3,3,Sunday,4,45,11,30
78,Vistara,Kolkata,Banglore,975,1 stop,8085,9,5,Thursday,7,10,23,25
79,Multiple carriers,Delhi,Cochin,515,1 stop,17073,3,3,Sunday,17,0,1,35
80,Vistara,Banglore,New Delhi,160,non-stop,5403,21,3,Thursday,7,0,9,40
81,Jet Airways,Kolkata,Banglore,1720,1 stop,10844,24,5,Friday,18,55,23,35
82,Air India,Banglore,Delhi,170,non-stop,5228,1,6,Saturday,21,5,23,55
83,Vistara,Banglore,Delhi,160,non-stop,4668,6,5,Monday,7,0,9,40
84,Jet Airways,Banglore,Delhi,175,non-stop,8016,21,6,Friday,15,15,18,10
85,Jet Airways,Delhi,Cochin,1760,2 stops,15129,9,5,Thursday,23,5,4,25
86,Jet Airways,Banglore,Delhi,165,non-stop,4544,1,4,Monday,6,0,8,45
87,Multiple carriers,Delhi,Cochin,630,1 stop,9627,9,5,Thursday,8,30,19,0
88,IndiGo,Delhi,Cochin,415,1 stop,8542,9,5,Thursday,18,35,1,30
89,IndiGo,Kolkata,Banglore,165,non-stop,4804,24,5,Friday,9,35,12,20
90,Jet Airways,Banglore,Delhi,175,non-stop,8016,3,6,Monday,15,15,18,10
91,Jet Airways,Kolkata,Banglore,1450,1 stop,12692,6,6,Thursday,9,35,9,45
92,Jet Airways,Delhi,Cochin,825,1 stop,10262,27,6,Thursday,22,50,12,35
93,Vistara,Kolkata,Banglore,1070,1 stop,12890,24,3,Sunday,17,0,10,50
94,Air India,Banglore,New Delhi,725,1 stop,10972,9,3,Saturday,11,50,23,55
95,Air India,Delhi,Cochin,1560,2 stops,11972,21,5,Tuesday,17,15,19,15
96,Jet Airways,Delhi,Cochin,455,1 stop,17234,3,3,Sunday,20,50,4,25
97,Jet Airways,Delhi,Cochin,1600,2 stops,8728,21,3,Thursday,16,10,18,50
98,Jet Airways,Banglore,New Delhi,740,1 stop,7832,21,3,Thursday,8,0,20,20
99,Jet Airways,Delhi,Cochin,600,2 stops,14237,6,6,Thursday,18,25,4,25
100,Jet Airways,Kolkata,Banglore,775,1 stop,13941,12,5,Sunday,21,10,10,5
101,Air India,Banglore,New Delhi,495,1 stop,13492,12,3,Tuesday,0,30,8,45
102,IndiGo,Kolkata,Banglore,160,non-stop,4462,21,3,Thursday,20,25,23,5
103,IndiGo,Banglore,New Delhi,170,non-stop,7303,24,3,Sunday,18,55,21,45
104,Jet Airways,Banglore,Delhi,180,non-stop,6144,12,5,Sunday,8,20,11,20
105,SpiceJet,Kolkata,Banglore,155,non-stop,3841,9,6,Sunday,6,55,9,30
106,IndiGo,Delhi,Cochin,195,non-stop,5406,21,6,Friday,21,5,0,20
107,Air India,Banglore,Delhi,165,non-stop,6961,27,6,Thursday,17,0,19,45
108,Jet Airways,Delhi,Cochin,1025,2 stops,13014,12,6,Wednesday,19,30,12,35
109,Multiple carriers,Delhi,Cochin,455,1 stop,10877,3,6,Monday,11,25,19,0
110,Vistara,Kolkata,Banglore,865,1 stop,9187,24,5,Friday,20,20,10,45
111,Jet Airways,Kolkata,Banglore,330,1 stop,14178,24,5,Friday,6,30,12,0
112,Jet Airways,Kolkata,Banglore,585,1 stop,8586,18,5,Saturday,18,55,4,40
113,IndiGo,Delhi,Cochin,415,1 stop,7503,24,5,Friday,18,35,1,30
114,IndiGo,Kolkata,Banglore,160,non-stop,4804,24,6,Monday,21,25,0,5
115,Multiple carriers,Delhi,Cochin,705,1 stop,9100,27,3,Wednesday,7,30,19,15
116,Jet Airways,Delhi,Cochin,660,1 stop,12373,18,5,Saturday,8,0,19,0
117,Jet Airways,Kolkata,Banglore,750,1 stop,14151,24,5,Friday,9,35,22,5
118,IndiGo,Kolkata,Banglore,155,non-stop,4462,18,3,Monday,15,20,17,55
119,Air India,Kolkata,Banglore,805,2 stops,14960,12,6,Wednesday,9,50,23,15
120,Air India,Kolkata,Banglore,150,non-stop,6245,9,6,Sunday,14,15,16,45
121,Jet Airways,Kolkata,Banglore,345,1 stop,14571,24,5,Friday,14,5,19,50
122,Jet Airways,Banglore,New Delhi,1280,1 stop,15025,6,3,Wednesday,14,5,11,25
123,Jet Airways,Delhi,Cochin,350,1 stop,15103,6,3,Wednesday,13,0,18,50
124,Jet Airways,Delhi,Cochin,395,1 stop,12898,21,5,Tuesday,21,50,4,25
125,Multiple carriers,Delhi,Cochin,615,1 stop,15898,27,5,Monday,9,0,19,15
126,Multiple carriers,Delhi,Cochin,390,1 stop,6795,15,6,Saturday,19,0,1,30
127,Vistara,Kolkata,Banglore,355,1 stop,8977,1,4,Monday,17,0,22,55
128,Jet Airways,Kolkata,Banglore,705,1 stop,14781,21,5,Tuesday,6,30,18,15
129,Air India,Delhi,Cochin,185,non-stop,6094,21,5,Tuesday,18,5,21,10
130,Air India,Mumbai,Hyderabad,80,non-stop,2575,24,3,Sunday,21,5,22,25
131,Air India,Mumbai,Hyderabad,75,non-stop,5462,6,3,Wednesday,19,30,20,45
132,Air India,Kolkata,Banglore,525,2 stops,14214,9,5,Thursday,14,30,23,15
133,Jet Airways,Kolkata,Banglore,475,1 stop,14781,1,5,Wednesday,8,25,16,20
134,Jet Airways,Kolkata,Banglore,1400,1 stop,10844,6,6,Thursday,18,55,18,15
135,Multiple carriers,Delhi,Cochin,510,1 stop,6148,27,3,Wednesday,7,0,15,30
136,Air India,Kolkata,Banglore,1165,2 stops,14634,12,5,Sunday,10,0,5,25
137,Multiple carriers,Delhi,Cochin,480,1 stop,14067,21,5,Tuesday,13,0,21,0
138,SpiceJet,Kolkata,Banglore,150,non-stop,4911,21,4,Sunday,17,10,19,40
139,Jet Airways,Kolkata,Banglore,870,1 stop,12692,12,6,Wednesday,20,25,10,55
140,IndiGo,Banglore,New Delhi,295,1 stop,9694,1,3,Friday,12,10,17,5
141,IndiGo,Delhi,Cochin,505,1 stop,7318,21,3,Thursday,17,10,1,35
142,IndiGo,Delhi,Cochin,275,1 stop,5054,21,5,Tuesday,7,35,12,10
143,Air India,Mumbai,Hyderabad,795,2 stops,9977,12,3,Tuesday,1,35,14,50
144,IndiGo,Delhi,Cochin,355,1 stop,6755,9,3,Saturday,7,45,13,40
145,Air India,Banglore,Delhi,165,non-stop,6961,24,6,Monday,10,0,12,45
146,Air India,Mumbai,Hyderabad,80,non-stop,3100,1,4,Monday,6,20,7,40
147,Jet Airways,Banglore,Delhi,185,non-stop,7229,9,6,Sunday,18,55,22,0
148,Air India,Delhi,Cochin,2240,2 stops,14483,9,3,Saturday,5,55,19,15
149,Jet Airways,Banglore,New Delhi,1365,1 stop,14815,6,3,Wednesday,8,55,7,40
150,Jet Airways,Kolkata,Banglore,665,1 stop,14939,9,6,Sunday,21,10,8,15
151,Jet Airways,Delhi,Cochin,560,2 stops,10368,15,6,Saturday,9,40,19,0
152,Jet Airways,Delhi,Cochin,440,2 stops,18804,6,6,Thursday,11,40,19,0
153,IndiGo,Delhi,Cochin,195,non-stop,6015,9,6,Sunday,21,5,0,20
154,IndiGo,Delhi,Cochin,480,1 stop,6104,9,6,Sunday,17,30,1,30
155,Jet Airways,Mumbai,Hyderabad,90,non-stop,3210,18,5,Saturday,19,35,21,5
156,Jet Airways,Kolkata,Banglore,395,1 stop,7341,9,5,Thursday,17,0,23,35
157,Air India,Delhi,Cochin,1275,2 stops,10441,9,5,Thursday,22,0,19,15
158,Jet Airways,Kolkata,Banglore,800,1 stop,12692,6,6,Thursday,20,25,9,45
159,SpiceJet,Banglore,New Delhi,170,non-stop,3873,24,3,Sunday,20,30,23,20
160,Air India,Banglore,New Delhi,1705,2 stops,11234,18,3,Monday,6,45,11,10
161,SpiceJet,Kolkata,Banglore,315,1 stop,4649,1,4,Monday,15,5,20,20
162,IndiGo,Banglore,Delhi,165,non-stop,3943,24,6,Monday,6,5,8,50
163,Multiple carriers,Delhi,Cochin,465,1 stop,7530,3,6,Monday,17,45,1,30
164,IndiGo,Kolkata,Banglore,315,1 stop,4775,15,4,Monday,15,15,20,30
165,Air Asia,Delhi,Cochin,870,1 stop,7452,18,5,Saturday,7,55,22,25
166,IndiGo,Delhi,Cochin,275,1 stop,5073,6,4,Saturday,7,35,12,10
167,SpiceJet,Kolkata,Banglore,520,1 stop,7189,12,6,Wednesday,8,35,17,15
168,Jet Airways,Kolkata,Banglore,1595,1 stop,10844,24,5,Friday,20,0,22,35
169,Jet Airways,Banglore,Delhi,180,non-stop,7754,21,6,Friday,19,50,22,50
170,Jet Airways,Kolkata,Banglore,910,1 stop,9663,12,5,Sunday,18,55,10,5
171,Jet Airways,Delhi,Cochin,900,2 stops,16704,18,5,Saturday,13,25,4,25
172,Air India,Banglore,New Delhi,865,1 stop,6824,21,3,Thursday,8,50,23,15
173,Air India,Delhi,Cochin,2295,2 stops,9443,12,6,Wednesday,5,0,19,15
174,Multiple carriers,Delhi,Cochin,730,1 stop,13378,21,3,Thursday,7,5,19,15
175,Jet Airways,Kolkata,Banglore,1550,1 stop,14571,6,6,Thursday,18,55,20,45
176,IndiGo,Kolkata,Banglore,155,non-stop,4804,27,6,Thursday,4,40,7,15
177,IndiGo,Chennai,Kolkata,140,non-stop,3597,12,6,Wednesday,13,15,15,35
178,Jet Airways,Banglore,New Delhi,745,1 stop,13817,12,3,Tuesday,8,55,21,20
179,Jet Airways,Delhi,Cochin,1475,2 stops,19329,6,3,Wednesday,19,10,19,45
180,Air Asia,Kolkata,Banglore,155,non-stop,4384,18,3,Monday,10,20,12,55
181,GoAir,Banglore,Delhi,175,non-stop,3898,6,6,Thursday,7,45,10,40
182,Multiple carriers,Delhi,Cochin,455,1 stop,6953,27,3,Wednesday,11,40,19,15
183,Jet Airways,Delhi,Cochin,1775,2 stops,12819,27,6,Thursday,13,25,19,0
184,IndiGo,Delhi,Cochin,195,non-stop,5000,27,6,Thursday,5,35,8,50
185,Jet Airways,Kolkata,Banglore,1325,1 stop,13067,6,5,Monday,17,0,15,5
186,Jet Airways,Delhi,Cochin,610,1 stop,14714,1,6,Saturday,18,15,4,25
187,Jet Airways,Delhi,Cochin,1620,1 stop,12898,27,5,Monday,16,0,19,0
188,Air India,Delhi,Cochin,1220,2 stops,10975,15,5,Wednesday,13,5,9,25
189,SpiceJet,Kolkata,Banglore,150,non-stop,3841,21,6,Friday,17,10,19,40
190,Multiple carriers,Delhi,Cochin,780,1 stop,11789,6,6,Thursday,6,0,19,0
191,IndiGo,Delhi,Cochin,750,1 stop,6093,24,6,Monday,8,30,21,0
192,IndiGo,Delhi,Cochin,885,1 stop,6558,21,3,Thursday,7,35,22,20
193,IndiGo,Delhi,Cochin,345,1 stop,5775,24,6,Monday,21,50,3,35
194,IndiGo,Mumbai,Hyderabad,90,non-stop,2754,12,6,Wednesday,1,40,3,10
195,Air India,Delhi,Cochin,2185,2 stops,10756,21,3,Thursday,6,50,19,15
196,Jet Airways,Delhi,Cochin,1025,2 stops,10368,9,6,Sunday,19,30,12,35
197,IndiGo,Mumbai,Hyderabad,90,non-stop,5755,24,5,Friday,9,10,10,40
198,Jet Airways,Kolkata,Banglore,1025,1 stop,11134,24,3,Sunday,18,55,12,0
199,IndiGo,Delhi,Cochin,810,1 stop,12351,9,3,Saturday,7,30,21,0
200,IndiGo,Delhi,Cochin,195,non-stop,5000,21,6,Friday,5,35,8,50
201,Jet Airways,Kolkata,Banglore,585,1 stop,13941,6,5,Monday,18,55,4,40
202,IndiGo,Kolkata,Banglore,335,1 stop,4150,24,3,Sunday,4,15,9,50
203,Air Asia,Kolkata,Banglore,150,non-stop,4107,21,6,Friday,19,55,22,25
204,Multiple carriers,Delhi,Cochin,840,1 stop,15078,9,5,Thursday,11,30,1,30
205,Jet Airways,Delhi,Cochin,1595,1 stop,12373,18,5,Saturday,10,0,12,35
206,SpiceJet,Kolkata,Banglore,145,non-stop,3873,27,6,Thursday,9,0,11,25
207,Multiple carriers,Delhi,Cochin,630,1 stop,11200,1,6,Saturday,8,30,19,0
208,IndiGo,Banglore,Delhi,170,non-stop,3749,27,5,Monday,22,10,1,0
209,Jet Airways,Banglore,Delhi,165,non-stop,4544,6,4,Saturday,6,0,8,45
210,GoAir,Banglore,New Delhi,270,1 stop,12314,1,3,Friday,15,45,20,15
211,IndiGo,Mumbai,Hyderabad,90,non-stop,2227,18,5,Saturday,21,20,22,50
212,Air India,Kolkata,Banglore,1215,2 stops,12224,12,6,Wednesday,17,30,13,45
213,Air India,Banglore,New Delhi,1795,2 stops,14887,1,3,Friday,17,0,22,55
214,GoAir,Banglore,New Delhi,175,non-stop,11111,1,3,Friday,11,40,14,35
215,Jet Airways,Kolkata,Banglore,570,1 stop,14231,24,3,Sunday,13,55,23,25
216,Jet Airways,Kolkata,Banglore,840,1 stop,14151,24,5,Friday,9,35,23,35
217,Multiple carriers,Delhi,Cochin,480,1 stop,7408,12,6,Wednesday,13,0,21,0
218,Jet Airways,Kolkata,Banglore,735,1 stop,13941,18,5,Saturday,20,0,8,15
219,Jet Airways,Banglore,New Delhi,405,1 stop,19225,6,3,Wednesday,11,40,18,25
220,Jet Airways,Delhi,Cochin,1600,2 stops,13180,21,3,Thursday,16,10,18,50
221,Jet Airways,Delhi,Cochin,1225,1 stop,15974,6,3,Wednesday,8,0,4,25
222,Air India,Mumbai,Hyderabad,80,non-stop,3100,6,6,Thursday,6,20,7,40
223,Jet Airways,Delhi,Cochin,1300,2 stops,13376,15,6,Saturday,6,45,4,25
224,Jet Airways,Banglore,New Delhi,615,1 stop,7832,9,3,Saturday,21,25,7,40
225,Jet Airways,Delhi,Cochin,395,1 stop,15554,18,5,Saturday,21,50,4,25
226,Jet Airways,Delhi,Cochin,810,2 stops,13292,24,6,Monday,5,30,19,0
227,Jet Airways,Delhi,Cochin,660,1 stop,15554,18,5,Saturday,8,0,19,0
228,IndiGo,Delhi,Cochin,195,non-stop,6015,3,6,Monday,14,25,17,40
229,Jet Airways,Banglore,New Delhi,460,1 stop,27210,15,3,Friday,21,25,5,5
230,Jet Airways,Banglore,Delhi,165,non-stop,6478,27,6,Thursday,6,0,8,45
231,Multiple carriers,Delhi,Cochin,420,1 stop,13587,15,6,Saturday,14,0,21,0
232,Jet Airways,Delhi,Cochin,1425,1 stop,14714,1,6,Saturday,19,15,19,0
233,Jet Airways,Delhi,Cochin,330,1 stop,10262,6,6,Thursday,7,5,12,35
234,IndiGo,Banglore,New Delhi,170,non-stop,12649,3,3,Sunday,13,0,15,50
235,Multiple carriers,Delhi,Cochin,455,1 stop,8266,12,6,Wednesday,11,40,19,15
236,IndiGo,Banglore,Delhi,165,non-stop,4423,1,4,Monday,1,30,4,15
237,Jet Airways,Delhi,Cochin,1325,1 stop,15554,18,5,Saturday,20,55,19,0
238,IndiGo,Delhi,Cochin,300,1 stop,5073,3,4,Wednesday,16,0,21,0
239,Jet Airways,Kolkata,Banglore,750,1 stop,13994,9,6,Sunday,9,35,22,5
240,IndiGo,Kolkata,Banglore,265,1 stop,3809,24,5,Friday,19,20,23,45
241,Air India,Kolkata,Banglore,1700,1 stop,7662,6,6,Thursday,16,45,21,5
242,IndiGo,Delhi,Cochin,835,1 stop,6442,3,6,Monday,8,35,22,30
243,IndiGo,Chennai,Kolkata,140,non-stop,6297,9,3,Saturday,22,5,0,25
244,Multiple carriers,Delhi,Cochin,480,1 stop,18286,3,3,Sunday,13,0,21,0
245,IndiGo,Banglore,Delhi,175,non-stop,4823,12,6,Wednesday,7,10,10,5
246,Jet Airways,Kolkata,Banglore,1450,1 stop,10953,6,5,Monday,9,35,9,45
247,Air India,Kolkata,Banglore,1435,1 stop,10203,12,6,Wednesday,20,30,20,25
248,Jet Airways,Kolkata,Banglore,1450,1 stop,8066,6,5,Monday,9,35,9,45
249,Jet Airways,Delhi,Cochin,1320,1 stop,14053,9,3,Saturday,20,50,18,50
250,Air India,Kolkata,Banglore,805,2 stops,14960,6,6,Thursday,9,50,23,15
251,Air India,Kolkata,Banglore,1665,2 stops,16057,15,5,Wednesday,10,0,13,45
252,Jet Airways,Kolkata,Banglore,1075,1 stop,14151,9,6,Sunday,17,0,10,55
253,Jet Airways,Delhi,Cochin,1320,2 stops,10919,27,6,Thursday,14,35,12,35
254,Jet Airways,Kolkata,Banglore,1405,1 stop,14231,24,3,Sunday,16,55,16,20
255,IndiGo,Delhi,Cochin,750,1 stop,7318,21,5,Tuesday,8,30,21,0
256,Jet Airways,Banglore,New Delhi,280,1 stop,7280,21,3,Thursday,9,45,14,25
257,Jet Airways,Kolkata,Banglore,960,1 stop,13044,12,6,Wednesday,20,0,12,0
258,Jet Airways,Delhi,Cochin,600,1 stop,15554,9,5,Thursday,9,0,19,0
259,Jet Airways,Delhi,Cochin,335,1 stop,10262,6,6,Thursday,22,50,4,25
260,Jet Airways,Delhi,Cochin,1090,2 stops,14237,9,6,Sunday,18,25,12,35
261,SpiceJet,Banglore,Delhi,175,non-stop,3971,6,4,Saturday,21,10,0,5
262,Jet Airways,Banglore,Delhi,185,non-stop,7229,15,5,Wednesday,18,55,22,0
263,Air India,Delhi,Cochin,1180,2 stops,9548,24,6,Monday,12,0,7,40
264,IndiGo,Delhi,Cochin,665,1 stop,6171,15,4,Monday,5,5,16,10
265,IndiGo,Kolkata,Banglore,155,non-stop,4174,12,4,Friday,17,15,19,50
266,Jet Airways,Kolkata,Banglore,1630,1 stop,14151,24,5,Friday,20,25,23,35
267,Jet Airways,Delhi,Cochin,750,2 stops,11538,27,3,Wednesday,6,20,18,50
268,IndiGo,Mumbai,Hyderabad,90,non-stop,4049,15,6,Saturday,9,10,10,40
269,Jet Airways,Kolkata,Banglore,800,1 stop,14571,9,6,Sunday,6,30,19,50
270,SpiceJet,Delhi,Cochin,295,1 stop,5975,1,6,Saturday,17,55,22,50
271,Multiple carriers,Delhi,Cochin,665,1 stop,12537,27,3,Wednesday,9,55,21,0
272,Jet Airways,Delhi,Cochin,1375,2 stops,10909,9,4,Tuesday,5,30,4,25
273,Air India,Banglore,New Delhi,745,1 stop,11003,1,3,Friday,10,30,22,55
274,IndiGo,Delhi,Cochin,860,1 stop,6526,27,5,Monday,6,40,21,0
275,Air India,Kolkata,Banglore,625,1 stop,10203,6,6,Thursday,10,0,20,25
276,Multiple carriers,Delhi,Cochin,395,1 stop,15147,6,3,Wednesday,19,0,1,35
277,Jet Airways,Banglore,New Delhi,565,1 stop,13555,18,3,Monday,22,50,8,15
278,Jet Airways,Delhi,Cochin,1615,2 stops,13029,21,5,Tuesday,9,40,12,35
279,Air India,Banglore,New Delhi,330,1 stop,8714,15,3,Friday,6,45,12,15
280,Jet Airways,Kolkata,Banglore,575,1 stop,12384,18,5,Saturday,9,35,19,10
281,Multiple carriers,Delhi,Cochin,920,1 stop,7878,27,5,Monday,7,10,22,30
282,Air India,Delhi,Cochin,1410,2 stops,11491,15,5,Wednesday,19,45,19,15
283,Air India,Kolkata,Banglore,1200,2 stops,12219,1,4,Monday,9,25,5,25
284,Jet Airways,Kolkata,Banglore,590,1 stop,10844,6,6,Thursday,8,25,18,15
285,SpiceJet,Kolkata,Banglore,155,non-stop,4174,21,4,Sunday,6,55,9,30
286,Air India,Banglore,New Delhi,1645,1 stop,13439,1,3,Friday,5,50,9,15
287,Air India,Kolkata,Banglore,1210,2 stops,11642,12,5,Sunday,9,25,5,35
288,Jet Airways,Delhi,Cochin,1295,1 stop,12373,9,5,Thursday,15,0,12,35
289,IndiGo,Chennai,Kolkata,140,non-stop,3597,27,5,Monday,14,45,17,5
290,Jet Airways,Banglore,New Delhi,740,1 stop,16736,6,3,Wednesday,8,0,20,20
291,Jet Airways,Kolkata,Banglore,1540,1 stop,13067,21,5,Tuesday,20,25,22,5
292,SpiceJet,Banglore,Delhi,170,non-stop,4885,27,4,Saturday,9,30,12,20
293,Multiple carriers,Delhi,Cochin,395,1 stop,12524,24,6,Monday,6,0,12,35
294,Air India,Delhi,Cochin,675,1 stop,7199,27,3,Wednesday,8,0,19,15
295,SpiceJet,Mumbai,Hyderabad,90,non-stop,1965,21,5,Tuesday,22,45,0,15
296,IndiGo,Delhi,Cochin,975,1 stop,6573,9,4,Tuesday,9,15,1,30
297,Jet Airways,Kolkata,Banglore,365,1 stop,14781,15,5,Wednesday,16,30,22,35
298,Air India,Kolkata,Banglore,970,2 stops,14960,12,6,Wednesday,16,45,8,55
299,Jet Airways,Banglore,Delhi,165,non-stop,5198,6,5,Monday,6,0,8,45
300,Jet Airways,Delhi,Cochin,810,2 stops,10909,9,4,Tuesday,5,30,19,0
301,Jet Airways,Kolkata,Banglore,345,1 stop,8781,18,5,Saturday,11,50,17,35
302,Jet Airways,Mumbai,Hyderabad,405,1 stop,20120,12,3,Tuesday,9,50,16,35
303,IndiGo,Mumbai,Hyderabad,85,non-stop,3342,15,3,Friday,6,20,7,45
304,Jet Airways,Mumbai,Hyderabad,90,non-stop,2071,18,3,Monday,19,35,21,5
305,Air Asia,Kolkata,Banglore,150,non-stop,3782,15,3,Friday,22,50,1,20
306,Jet Airways,Banglore,New Delhi,725,1 stop,17261,6,3,Wednesday,21,25,9,30
307,IndiGo,Mumbai,Hyderabad,90,non-stop,2754,6,5,Monday,12,0,13,30
308,Jet Airways,Delhi,Cochin,1485,1 stop,12898,21,5,Tuesday,18,15,19,0
309,Jet Airways,Mumbai,Hyderabad,85,non-stop,8040,21,6,Friday,7,5,8,30
310,Jet Airways,Delhi,Cochin,620,1 stop,14714,3,6,Monday,2,15,12,35
311,Multiple carriers,Delhi,Cochin,465,1 stop,15342,6,3,Wednesday,11,30,19,15
312,SpiceJet,Chennai,Kolkata,135,non-stop,3543,27,5,Monday,9,45,12,0
313,Jet Airways,Delhi,Cochin,865,1 stop,12898,21,5,Tuesday,14,0,4,25
314,Jet Airways,Delhi,Cochin,360,1 stop,10262,1,6,Saturday,13,0,19,0
315,IndiGo,Kolkata,Banglore,160,non-stop,4148,21,3,Thursday,21,25,0,5
316,Jet Airways,Mumbai,Hyderabad,80,non-stop,2759,21,3,Thursday,3,5,4,25
317,Multiple carriers,Delhi,Cochin,385,1 stop,9646,9,6,Sunday,9,45,16,10
318,Multiple carriers,Delhi,Cochin,585,1 stop,11622,9,6,Sunday,9,15,19,0
319,IndiGo,Delhi,Cochin,485,1 stop,14871,6,3,Wednesday,17,30,1,35
320,Jet Airways,Mumbai,Hyderabad,90,non-stop,2470,24,3,Sunday,19,35,21,5
321,Multiple carriers,Delhi,Cochin,930,1 stop,7198,1,6,Saturday,10,0,1,30
322,Vistara,Kolkata,Banglore,765,1 stop,8452,1,5,Wednesday,20,20,9,5
323,Jet Airways,Banglore,New Delhi,580,1 stop,27992,1,3,Friday,11,40,21,20
324,Jet Airways,Kolkata,Banglore,800,1 stop,11841,9,6,Sunday,20,0,9,20
325,Jet Airways,Delhi,Cochin,925,1 stop,13843,6,3,Wednesday,13,0,4,25
326,Jet Airways,Banglore,New Delhi,1235,1 stop,16736,6,3,Wednesday,11,40,8,15
327,Air India,Banglore,New Delhi,630,2 stops,7664,21,3,Thursday,5,50,16,20
328,IndiGo,Delhi,Cochin,195,non-stop,5601,9,6,Sunday,5,35,8,50
329,GoAir,Banglore,Delhi,175,non-stop,4239,3,4,Wednesday,7,45,10,40
330,IndiGo,Delhi,Cochin,975,1 stop,10518,9,3,Saturday,4,45,21,0
331,Jet Airways,Delhi,Cochin,1300,2 stops,10919,15,6,Saturday,6,45,4,25
332,Air India,Delhi,Cochin,180,non-stop,5201,24,6,Monday,14,10,17,10
333,IndiGo,Mumbai,Hyderabad,90,non-stop,4575,15,5,Wednesday,9,10,10,40
334,Jet Airways,Delhi,Cochin,1485,1 stop,10577,9,6,Sunday,18,15,19,0
335,Jet Airways,Kolkata,Banglore,960,1 stop,14571,6,6,Thursday,20,0,12,0
336,IndiGo,Delhi,Cochin,425,1 stop,6287,21,3,Thursday,4,55,12,0
337,Jet Airways,Kolkata,Banglore,590,1 stop,14781,6,5,Monday,6,30,16,20
338,Jet Airways,Delhi,Cochin,550,1 stop,10262,3,6,Monday,19,15,4,25
339,Air India,Banglore,Delhi,165,non-stop,7171,21,6,Friday,17,0,19,45
340,Multiple carriers,Delhi,Cochin,780,1 stop,13587,1,6,Saturday,8,0,21,0
341,Multiple carriers,Delhi,Cochin,910,1 stop,6795,1,6,Saturday,10,20,1,30
342,SpiceJet,Kolkata,Banglore,140,non-stop,3873,9,5,Thursday,22,20,0,40
343,IndiGo,Mumbai,Hyderabad,90,non-stop,2754,12,6,Wednesday,19,5,20,35
344,Air India,Delhi,Cochin,735,1 stop,9929,27,5,Monday,7,0,19,15
345,Jet Airways,Kolkata,Banglore,735,1 stop,10844,6,6,Thursday,20,0,8,15
346,Air Asia,Kolkata,Banglore,150,non-stop,4409,1,6,Saturday,22,50,1,20
347,IndiGo,Delhi,Cochin,275,1 stop,5054,9,6,Sunday,7,35,12,10
348,Jet Airways,Kolkata,Banglore,1630,1 stop,14151,18,5,Saturday,20,25,23,35
349,IndiGo,Banglore,Delhi,165,non-stop,4423,15,4,Monday,6,5,8,50
350,Jet Airways,Mumbai,Hyderabad,85,non-stop,4050,15,6,Saturday,7,5,8,30
351,Jet Airways,Kolkata,Banglore,1520,1 stop,14151,15,5,Wednesday,9,35,10,55
352,IndiGo,Delhi,Cochin,425,1 stop,6171,9,3,Saturday,4,55,12,0
353,Jet Airways,Delhi,Cochin,520,1 stop,10262,24,6,Monday,19,45,4,25
354,IndiGo,Banglore,New Delhi,165,non-stop,4545,9,3,Saturday,1,30,4,15
355,Air Asia,Banglore,Delhi,165,non-stop,4483,12,4,Friday,11,10,13,55
356,SpiceJet,Kolkata,Banglore,145,non-stop,3841,15,6,Saturday,9,0,11,25
357,Air India,Kolkata,Banglore,1415,2 stops,11222,21,5,Tuesday,8,20,7,55
358,Jet Airways,Kolkata,Banglore,1640,1 stop,8529,12,6,Wednesday,16,30,19,50
359,Multiple carriers,Delhi,Cochin,470,1 stop,15147,6,3,Wednesday,17,45,1,35
360,Jet Airways,Delhi,Cochin,1015,1 stop,14714,6,6,Thursday,11,30,4,25
361,Jet Airways,Kolkata,Banglore,855,1 stop,14781,15,5,Wednesday,6,30,20,45
362,Vistara,Kolkata,Banglore,1440,1 stop,8610,6,5,Monday,20,20,20,20
363,Air India,Kolkata,Banglore,1975,2 stops,11522,24,3,Sunday,5,40,14,35
364,Air India,Banglore,Delhi,170,non-stop,6121,21,4,Sunday,13,20,16,10
365,Jet Airways,Delhi,Cochin,335,1 stop,15554,9,5,Thursday,22,50,4,25
366,Air India,Kolkata,Banglore,725,2 stops,12324,21,5,Tuesday,8,20,20,25
367,Jet Airways,Banglore,New Delhi,845,1 stop,13817,12,3,Tuesday,8,55,23,0
368,Jet Airways,Banglore,Delhi,175,non-stop,7229,9,4,Tuesday,15,50,18,45
369,Jet Airways,Banglore,New Delhi,900,1 stop,7832,21,3,Thursday,8,0,23,0
370,IndiGo,Banglore,New Delhi,175,non-stop,10067,1,3,Friday,10,5,13,0
371,Air India,Banglore,New Delhi,1580,2 stops,19372,1,3,Friday,8,50,11,10
372,Vistara,Kolkata,Banglore,1065,1 stop,9187,1,5,Wednesday,17,0,10,45
373,Air Asia,Kolkata,Banglore,150,non-stop,3807,24,6,Monday,22,50,1,20
374,Air India,Banglore,New Delhi,370,1 stop,11628,1,3,Friday,17,0,23,10
375,Jet Airways,Delhi,Cochin,1195,2 stops,12819,27,6,Thursday,23,5,19,0
376,Multiple carriers,Delhi,Cochin,755,1 stop,18260,9,3,Saturday,0,20,12,55
377,Air Asia,Kolkata,Banglore,150,non-stop,3807,27,6,Thursday,19,55,22,25
378,Jet Airways,Kolkata,Banglore,1210,1 stop,11134,24,3,Sunday,13,55,10,5
379,IndiGo,Chennai,Kolkata,140,non-stop,6297,9,3,Saturday,7,55,10,15
380,IndiGo,Kolkata,Banglore,150,non-stop,5224,18,5,Saturday,14,25,16,55
381,Jet Airways,Delhi,Cochin,810,2 stops,13014,1,6,Saturday,5,30,19,0
382,IndiGo,Banglore,Delhi,175,non-stop,4591,27,4,Saturday,0,30,3,25
383,Jet Airways,Banglore,New Delhi,640,1 stop,31825,1,3,Friday,22,50,9,30
384,Jet Airways,Delhi,Cochin,330,1 stop,16079,1,6,Saturday,7,5,12,35
385,IndiGo,Banglore,New Delhi,310,1 stop,7280,9,3,Saturday,19,30,0,40
386,SpiceJet,Mumbai,Hyderabad,90,non-stop,1965,27,5,Monday,22,45,0,15
387,Jet Airways,Delhi,Cochin,335,1 stop,16079,27,6,Thursday,22,50,4,25
388,SpiceJet,Banglore,Delhi,160,non-stop,3573,18,5,Saturday,5,55,8,35
389,SpiceJet,Banglore,New Delhi,170,non-stop,3925,24,3,Sunday,20,30,23,20
390,Jet Airways,Banglore,Delhi,165,non-stop,7229,24,5,Friday,6,0,8,45
391,Jet Airways,Kolkata,Banglore,1610,1 stop,9663,12,5,Sunday,6,30,9,20
392,IndiGo,Kolkata,Banglore,165,non-stop,4148,18,3,Monday,22,10,0,55
393,Multiple carriers,Delhi,Cochin,845,1 stop,11573,27,5,Monday,4,55,19,0
394,Vistara,Banglore,Delhi,170,non-stop,4668,15,5,Wednesday,11,30,14,20
395,IndiGo,Kolkata,Banglore,295,1 stop,11465,9,6,Sunday,9,20,14,15
396,IndiGo,Delhi,Cochin,765,2 stops,7682,6,3,Wednesday,8,35,21,20
397,IndiGo,Delhi,Cochin,345,1 stop,5775,12,6,Wednesday,21,50,3,35
398,Multiple carriers,Delhi,Cochin,600,1 stop,10197,21,5,Tuesday,9,0,19,0
399,SpiceJet,Banglore,Delhi,170,non-stop,3919,1,4,Monday,9,30,12,20
400,Jet Airways,Delhi,Cochin,1485,1 stop,16079,21,5,Tuesday,18,15,19,0
401,Jet Airways,Delhi,Cochin,600,1 stop,14714,3,6,Monday,9,0,19,0
402,IndiGo,Chennai,Kolkata,140,non-stop,5277,1,6,Saturday,22,5,0,25
403,Vistara,Kolkata,Banglore,765,1 stop,7980,1,4,Monday,20,20,9,5
404,IndiGo,Delhi,Cochin,480,1 stop,6628,1,6,Saturday,17,30,1,30
405,Air India,Kolkata,Banglore,675,1 stop,7452,6,6,Thursday,9,50,21,5
406,Jet Airways,Kolkata,Banglore,735,1 stop,12681,1,4,Monday,20,0,8,15
407,Air India,Delhi,Cochin,1100,2 stops,13538,15,5,Wednesday,13,20,7,40
408,SpiceJet,Banglore,Delhi,175,non-stop,4319,9,5,Thursday,21,10,0,5
409,IndiGo,Delhi,Cochin,320,1 stop,5298,27,3,Wednesday,6,40,12,0
410,Air Asia,Banglore,Delhi,165,non-stop,3383,21,5,Tuesday,11,10,13,55
411,Air India,Kolkata,Banglore,1320,2 stops,15107,21,5,Tuesday,14,30,12,30
412,Air India,Kolkata,Banglore,445,2 stops,5562,1,4,Monday,5,50,13,15
413,Jet Airways,Kolkata,Banglore,585,1 stop,9663,12,5,Sunday,18,55,4,40
414,Jet Airways,Delhi,Cochin,1320,2 stops,13376,1,6,Saturday,14,35,12,35
415,Jet Airways,Kolkata,Banglore,1080,1 stop,9314,1,5,Wednesday,20,25,14,25
416,SpiceJet,Mumbai,Hyderabad,85,non-stop,1759,21,3,Thursday,22,45,0,10
417,IndiGo,Delhi,Cochin,940,1 stop,6674,6,6,Thursday,6,50,22,30
418,GoAir,Banglore,Delhi,165,non-stop,3419,3,6,Monday,20,55,23,40
419,Air Asia,Banglore,Delhi,170,non-stop,4483,3,5,Friday,23,55,2,45
420,Air India,Kolkata,Banglore,1560,2 stops,15187,24,3,Sunday,9,10,11,10
421,Air India,Mumbai,Hyderabad,90,non-stop,3100,27,6,Thursday,13,55,15,25
422,IndiGo,Chennai,Kolkata,145,non-stop,6297,9,3,Saturday,11,35,14,0
423,Jet Airways,Delhi,Cochin,1995,2 stops,20694,6,3,Wednesday,19,10,4,25
424,IndiGo,Kolkata,Banglore,160,non-stop,4778,9,3,Saturday,17,15,19,55
425,Air India,Kolkata,Banglore,155,non-stop,4145,6,5,Monday,20,45,23,20
426,SpiceJet,Kolkata,Banglore,145,non-stop,3873,21,6,Friday,9,0,11,25
427,IndiGo,Delhi,Cochin,645,1 stop,13611,6,3,Wednesday,4,45,15,30
428,Air India,Delhi,Cochin,675,1 stop,7199,21,3,Thursday,8,0,19,15
429,Jet Airways,Delhi,Cochin,440,2 stops,18804,1,6,Saturday,11,40,19,0
430,Air India,Delhi,Cochin,1395,1 stop,8372,27,5,Monday,20,0,19,15
431,GoAir,Delhi,Cochin,350,1 stop,5281,27,3,Wednesday,7,0,12,50
432,IndiGo,Mumbai,Hyderabad,90,non-stop,3175,6,3,Wednesday,2,30,4,0
433,IndiGo,Kolkata,Banglore,165,non-stop,4804,9,5,Thursday,9,35,12,20
434,IndiGo,Delhi,Cochin,320,1 stop,7060,1,6,Saturday,17,5,22,25
435,Jet Airways,Mumbai,Hyderabad,85,non-stop,9536,6,3,Wednesday,7,10,8,35
436,IndiGo,Kolkata,Banglore,155,non-stop,4804,15,5,Wednesday,15,30,18,5
437,SpiceJet,Kolkata,Banglore,145,non-stop,4174,21,5,Tuesday,9,0,11,25
438,Jet Airways,Banglore,New Delhi,375,1 stop,19225,6,3,Wednesday,22,50,5,5
439,Jet Airways,Kolkata,Banglore,425,1 stop,14781,12,5,Sunday,16,30,23,35
440,Multiple carriers,Delhi,Cochin,735,1 stop,7740,6,6,Thursday,8,45,21,0
441,IndiGo,Banglore,Delhi,165,non-stop,3419,15,6,Saturday,1,30,4,15
442,Jet Airways,Kolkata,Banglore,505,1 stop,13067,15,5,Wednesday,9,35,18,0
443,Jet Airways,Delhi,Cochin,1375,2 stops,13292,15,6,Saturday,5,30,4,25
444,Air India,Delhi,Cochin,1590,1 stop,8907,12,6,Wednesday,20,30,23,0
445,Jet Airways,Delhi,Cochin,540,1 stop,12373,9,5,Thursday,10,0,19,0
446,Jet Airways,Delhi,Cochin,810,2 stops,9483,9,4,Tuesday,23,5,12,35
447,Jet Airways,Banglore,New Delhi,390,1 stop,11297,12,3,Tuesday,5,50,12,20
448,IndiGo,Banglore,Delhi,175,non-stop,4823,6,4,Saturday,18,55,21,50
449,Jet Airways,Delhi,Cochin,300,1 stop,10262,24,6,Monday,14,0,19,0
450,Multiple carriers,Delhi,Cochin,390,1 stop,7198,12,6,Wednesday,19,0,1,30
451,Multiple carriers,Delhi,Cochin,755,1 stop,8614,15,6,Saturday,6,40,19,15
452,Jet Airways,Banglore,New Delhi,375,1 stop,12284,18,3,Monday,7,0,13,15
453,Vistara,Banglore,New Delhi,160,non-stop,5403,24,3,Sunday,7,0,9,40
454,IndiGo,Delhi,Cochin,185,non-stop,5895,15,3,Friday,14,30,17,35
455,Jet Airways,Kolkata,Banglore,585,1 stop,9663,21,5,Tuesday,18,55,4,40
456,Jet Airways,Kolkata,Banglore,365,1 stop,7064,1,4,Monday,16,30,22,35
457,Air India,Banglore,New Delhi,1475,1 stop,4943,21,3,Thursday,8,15,8,50
458,Jet Airways,Delhi,Cochin,885,1 stop,12373,9,5,Thursday,21,50,12,35
459,Jet Airways,Delhi,Cochin,1390,2 stops,15339,27,6,Thursday,13,25,12,35
460,Jet Airways,Delhi,Cochin,1760,2 stops,15129,24,5,Friday,23,5,4,25
461,Multiple carriers,Delhi,Cochin,780,1 stop,11264,27,5,Monday,6,0,19,0
462,GoAir,Delhi,Cochin,310,1 stop,10188,27,3,Wednesday,14,10,19,20
463,Jet Airways,Banglore,New Delhi,965,1 stop,25735,1,3,Friday,16,55,9,0
464,SpiceJet,Mumbai,Hyderabad,90,non-stop,1965,3,6,Monday,13,15,14,45
465,Multiple carriers,Delhi,Cochin,740,1 stop,9315,15,5,Wednesday,6,40,19,0
466,Jet Airways,Mumbai,Hyderabad,85,non-stop,8040,3,4,Wednesday,7,5,8,30
467,Jet Airways,Kolkata,Banglore,1640,1 stop,10844,12,5,Sunday,16,30,19,50
468,Air Asia,Kolkata,Banglore,955,1 stop,6810,6,6,Thursday,7,35,23,30
469,Jet Airways,Mumbai,Hyderabad,1430,1 stop,19595,6,3,Wednesday,17,0,16,50
470,Multiple carriers,Delhi,Cochin,515,1 stop,6673,27,3,Wednesday,17,0,1,35
471,SpiceJet,Delhi,Cochin,270,1 stop,6356,21,3,Thursday,8,45,13,15
472,Jet Airways,Delhi,Cochin,440,1 stop,13244,21,3,Thursday,11,30,18,50
473,IndiGo,Chennai,Kolkata,140,non-stop,3597,15,5,Wednesday,19,35,21,55
474,Air India,Mumbai,Hyderabad,90,non-stop,3100,12,5,Sunday,13,55,15,25
475,IndiGo,Kolkata,Banglore,295,1 stop,11160,6,6,Thursday,9,20,14,15
476,IndiGo,Delhi,Cochin,195,non-stop,8626,12,5,Sunday,21,5,0,20
477,IndiGo,Delhi,Cochin,975,1 stop,7503,15,5,Wednesday,9,15,1,30
478,IndiGo,Banglore,Delhi,170,non-stop,4823,6,6,Thursday,20,0,22,50
479,Vistara,Banglore,Delhi,170,non-stop,5403,1,4,Monday,11,30,14,20
480,Jet Airways,Banglore,New Delhi,1055,1 stop,7832,21,3,Thursday,14,5,7,40
481,Jet Airways,Kolkata,Banglore,855,1 stop,7064,1,4,Monday,6,30,20,45
482,Jet Airways,Delhi,Cochin,1320,2 stops,13376,27,6,Thursday,14,35,12,35
483,IndiGo,Delhi,Cochin,515,1 stop,6674,9,3,Saturday,7,35,16,10
484,SpiceJet,Kolkata,Banglore,155,non-stop,3873,9,4,Tuesday,6,55,9,30
485,Jet Airways,Kolkata,Banglore,345,1 stop,13626,12,6,Wednesday,14,5,19,50
486,Air India,Kolkata,Banglore,1165,2 stops,13007,6,6,Thursday,10,0,5,25
487,Multiple carriers,Delhi,Cochin,470,1 stop,7354,3,6,Monday,11,25,19,15
488,Jet Airways,Delhi,Cochin,1145,1 stop,12373,9,5,Thursday,17,30,12,35
489,Jet Airways,Delhi,Cochin,1685,1 stop,15029,9,3,Saturday,0,20,4,25
490,Vistara,Banglore,New Delhi,160,non-stop,8290,9,3,Saturday,19,40,22,20
491,Multiple carriers,Delhi,Cochin,375,1 stop,14486,21,3,Thursday,7,5,13,20
492,Multiple carriers,Delhi,Cochin,915,1 stop,6717,21,3,Thursday,7,5,22,20
493,Jet Airways,Kolkata,Banglore,1295,1 stop,14151,18,5,Saturday,20,25,18,0
494,IndiGo,Delhi,Cochin,275,1 stop,6069,3,6,Monday,7,35,12,10
495,Jet Airways,Delhi,Cochin,450,1 stop,15554,9,5,Thursday,11,30,19,0
496,IndiGo,Chennai,Kolkata,165,non-stop,3850,18,5,Saturday,15,40,18,25
497,Jet Airways,Banglore,Delhi,165,non-stop,8016,6,6,Thursday,6,0,8,45
498,Jet Airways,Kolkata,Banglore,800,1 stop,14151,1,4,Monday,20,25,9,45
499,Jet Airways,Banglore,Delhi,180,non-stop,7229,1,5,Wednesday,7,10,10,10
500,IndiGo,Kolkata,Banglore,165,non-stop,6565,24,3,Sunday,17,15,20,0
501,Jet Airways,Kolkata,Banglore,800,1 stop,10703,9,5,Thursday,20,25,9,45
502,Multiple carriers,Delhi,Cochin,480,1 stop,7408,24,6,Monday,13,0,21,0
503,Air India,Banglore,New Delhi,1475,1 stop,6781,3,3,Sunday,8,15,8,50
504,Jet Airways,Delhi,Cochin,800,1 stop,15764,6,3,Wednesday,15,5,4,25
505,SpiceJet,Kolkata,Banglore,140,non-stop,3847,21,3,Thursday,22,20,0,40
506,Multiple carriers,Delhi,Cochin,510,1 stop,7198,24,6,Monday,17,0,1,30
507,IndiGo,Kolkata,Banglore,155,non-stop,4174,9,4,Tuesday,17,15,19,50
508,Multiple carriers,Delhi,Cochin,735,1 stop,7005,27,6,Thursday,8,45,21,0
509,Air India,Delhi,Cochin,925,1 stop,9929,15,6,Saturday,3,50,19,15
510,Jet Airways,Delhi,Cochin,540,1 stop,14714,1,6,Saturday,10,0,19,0
511,Vistara,Delhi,Cochin,190,non-stop,6216,27,5,Monday,14,40,17,50
512,Air India,Kolkata,Banglore,375,1 stop,11936,12,6,Wednesday,10,0,16,15
513,IndiGo,Delhi,Cochin,500,1 stop,6628,1,6,Saturday,17,10,1,30
514,SpiceJet,Banglore,New Delhi,175,non-stop,6205,9,3,Saturday,9,35,12,30
515,Jet Airways,Mumbai,Hyderabad,85,non-stop,5678,18,5,Saturday,2,55,4,20
516,Jet Airways,Kolkata,Banglore,1450,1 stop,14151,12,5,Sunday,9,35,9,45
517,Jet Airways,Kolkata,Banglore,1480,1 stop,14151,24,5,Friday,20,25,21,5
518,IndiGo,Mumbai,Hyderabad,90,non-stop,2754,27,6,Thursday,12,0,13,30
519,IndiGo,Mumbai,Hyderabad,90,non-stop,2754,18,3,Monday,2,30,4,0
520,Jet Airways,Banglore,Delhi,175,non-stop,7229,12,5,Sunday,11,10,14,5
521,GoAir,Banglore,Delhi,170,non-stop,3898,24,6,Monday,11,40,14,30
522,SpiceJet,Kolkata,Banglore,330,1 stop,7646,1,4,Monday,15,55,21,25
523,Air India,Delhi,Cochin,765,1 stop,7480,1,6,Saturday,20,40,9,25
524,IndiGo,Delhi,Cochin,835,1 stop,6442,12,6,Wednesday,8,35,22,30
525,Jet Airways,Delhi,Cochin,865,1 stop,10262,24,6,Monday,14,0,4,25
526,IndiGo,Kolkata,Banglore,300,1 stop,4176,12,5,Sunday,4,50,9,50
527,IndiGo,Delhi,Cochin,845,1 stop,5883,15,6,Saturday,11,25,1,30
528,Jet Airways,Kolkata,Banglore,665,1 stop,8849,1,4,Monday,21,10,8,15
529,IndiGo,Delhi,Cochin,635,1 stop,6442,24,6,Monday,11,55,22,30
530,Jet Airways,Delhi,Cochin,1165,1 stop,12898,27,5,Monday,9,0,4,25
531,Air India,Mumbai,Hyderabad,255,2 stops,17327,6,3,Wednesday,21,10,16,55
532,Air India,Delhi,Cochin,765,1 stop,7690,9,6,Sunday,20,40,9,25
533,Jet Airways,Delhi,Cochin,1610,1 stop,16289,9,3,Saturday,16,0,18,50
534,Multiple carriers,Delhi,Cochin,730,1 stop,15135,3,3,Sunday,6,40,18,50
535,Air India,Banglore,Delhi,165,non-stop,6961,27,5,Monday,10,0,12,45
536,Air India,Banglore,New Delhi,655,2 stops,9586,9,3,Saturday,10,30,21,25
537,Jet Airways,Kolkata,Banglore,730,1 stop,10844,24,5,Friday,16,30,4,40
538,SpiceJet,Kolkata,Banglore,145,non-stop,3873,24,5,Friday,9,0,11,25
539,IndiGo,Banglore,Delhi,170,non-stop,3943,15,6,Saturday,13,0,15,50
540,Multiple carriers,Delhi,Cochin,660,1 stop,10197,15,5,Wednesday,8,0,19,0
541,Air Asia,Kolkata,Banglore,150,non-stop,3807,6,4,Saturday,22,50,1,20
542,Jet Airways,Delhi,Cochin,1365,2 stops,11543,21,3,Thursday,5,40,4,25
543,IndiGo,Delhi,Cochin,500,1 stop,6979,15,5,Wednesday,17,10,1,30
544,Multiple carriers Premium economy,Delhi,Cochin,570,1 stop,11269,21,3,Thursday,6,0,15,30
545,Jet Airways,Banglore,New Delhi,850,1 stop,11087,12,3,Tuesday,20,35,10,45
546,Jet Airways,Kolkata,Banglore,1545,1 stop,13941,21,5,Tuesday,6,30,8,15
547,IndiGo,Banglore,New Delhi,170,non-stop,8855,15,3,Friday,22,20,1,10
548,Jet Airways,Delhi,Cochin,535,1 stop,12032,27,3,Wednesday,9,55,18,50
549,Air India,Kolkata,Banglore,150,non-stop,5510,24,6,Monday,14,15,16,45
550,Multiple carriers,Delhi,Cochin,855,2 stops,6653,21,3,Thursday,7,5,21,20
551,Multiple carriers,Delhi,Cochin,720,1 stop,13587,6,6,Thursday,9,0,21,0
552,Jet Airways,Kolkata,Banglore,1295,1 stop,11467,1,4,Monday,20,25,18,0
553,Vistara,Mumbai,Hyderabad,850,1 stop,12080,12,3,Tuesday,8,45,22,55
554,Jet Airways,Delhi,Cochin,1775,2 stops,15129,27,5,Monday,13,25,19,0
555,IndiGo,Kolkata,Banglore,155,non-stop,5224,9,6,Sunday,22,15,0,50
556,IndiGo,Banglore,Delhi,170,non-stop,4591,1,5,Wednesday,23,30,2,20
557,IndiGo,Delhi,Cochin,320,1 stop,5298,6,4,Saturday,6,50,12,10
558,IndiGo,Delhi,Cochin,345,1 stop,6386,3,6,Monday,2,0,7,45
559,Jet Airways,Banglore,New Delhi,890,1 stop,31825,1,3,Friday,20,35,11,25
560,Jet Airways,Delhi,Cochin,1530,1 stop,14714,1,6,Saturday,17,30,19,0
561,Air India,Banglore,New Delhi,1670,2 stops,12358,3,3,Sunday,6,45,10,35
562,IndiGo,Banglore,Delhi,170,non-stop,4823,1,6,Saturday,8,30,11,20
563,IndiGo,Mumbai,Hyderabad,95,non-stop,2227,3,6,Monday,20,5,21,40
564,SpiceJet,Chennai,Kolkata,135,non-stop,3597,15,6,Saturday,8,20,10,35
565,Multiple carriers,Delhi,Cochin,535,1 stop,8266,12,6,Wednesday,10,20,19,15
566,IndiGo,Kolkata,Banglore,155,non-stop,4804,24,4,Wednesday,22,15,0,50
567,Multiple carriers,Delhi,Cochin,385,1 stop,8266,21,5,Tuesday,12,50,19,15
568,SpiceJet,Banglore,Delhi,160,non-stop,3257,27,5,Monday,5,55,8,35
569,Jet Airways,Delhi,Cochin,1365,2 stops,14861,9,3,Saturday,5,40,4,25
570,Multiple carriers,Delhi,Cochin,660,1 stop,7408,27,6,Thursday,10,0,21,0
571,Jet Airways,Kolkata,Banglore,890,1 stop,14388,12,5,Sunday,21,10,12,0
572,Jet Airways,Delhi,Cochin,195,non-stop,9564,12,6,Wednesday,11,0,14,15
573,Jet Airways,Delhi,Cochin,195,non-stop,9564,15,6,Saturday,11,0,14,15
574,Jet Airways,Delhi,Cochin,910,2 stops,11507,9,5,Thursday,21,25,12,35
575,IndiGo,Banglore,New Delhi,300,1 stop,22153,1,3,Friday,19,35,0,35
576,IndiGo,Banglore,Delhi,170,non-stop,4423,18,5,Saturday,13,0,15,50
577,Vistara,Banglore,New Delhi,160,non-stop,4878,24,3,Sunday,7,0,9,40
578,Jet Airways,Banglore,Delhi,175,non-stop,7229,12,4,Friday,15,15,18,10
579,Jet Airways,Delhi,Cochin,600,2 stops,14237,15,6,Saturday,18,25,4,25
580,Multiple carriers,Delhi,Cochin,620,1 stop,7695,21,3,Thursday,15,15,1,35
581,IndiGo,Kolkata,Banglore,155,non-stop,4148,27,3,Wednesday,15,10,17,45
582,SpiceJet,Banglore,Delhi,160,non-stop,3971,3,4,Wednesday,5,55,8,35
583,Jet Airways,Kolkata,Banglore,510,1 stop,10844,21,5,Tuesday,14,5,22,35
584,IndiGo,Banglore,Delhi,165,non-stop,3419,27,6,Thursday,1,30,4,15
585,IndiGo,Kolkata,Banglore,155,non-stop,4804,21,4,Sunday,4,40,7,15
586,IndiGo,Banglore,New Delhi,165,non-stop,4238,24,3,Sunday,0,40,3,25
587,Air India,Mumbai,Hyderabad,1840,2 stops,13253,6,3,Wednesday,12,45,19,25
588,Jet Airways,Kolkata,Banglore,800,1 stop,13941,12,5,Sunday,6,30,19,50
589,Air India,Delhi,Cochin,1820,2 stops,21571,3,3,Sunday,12,55,19,15
590,Air India,Delhi,Cochin,1580,2 stops,13591,9,5,Thursday,16,55,19,15
591,IndiGo,Delhi,Cochin,835,1 stop,7144,18,5,Saturday,8,35,22,30
592,Multiple carriers,Delhi,Cochin,390,1 stop,6795,12,6,Wednesday,19,0,1,30
593,SpiceJet,Chennai,Kolkata,155,non-stop,3859,24,3,Sunday,9,30,12,5
594,IndiGo,Kolkata,Banglore,150,non-stop,4804,12,5,Sunday,15,15,17,45
595,Jet Airways,Kolkata,Banglore,590,1 stop,13339,24,3,Sunday,6,30,16,20
596,IndiGo,Delhi,Cochin,630,1 stop,6316,9,6,Sunday,15,0,1,30
597,Air India,Kolkata,Banglore,245,1 stop,8996,24,5,Friday,9,10,13,15
598,Jet Airways,Kolkata,Banglore,750,1 stop,10844,18,5,Saturday,5,45,18,15
599,IndiGo,Kolkata,Banglore,150,non-stop,5224,9,6,Sunday,15,15,17,45
600,Jet Airways,Delhi,Cochin,1320,1 stop,16289,9,3,Saturday,20,50,18,50
601,Multiple carriers,Delhi,Cochin,535,1 stop,8266,6,6,Thursday,10,20,19,15
602,IndiGo,Delhi,Cochin,185,non-stop,7673,6,3,Wednesday,14,30,17,35
603,SpiceJet,Banglore,Delhi,170,non-stop,3971,6,5,Monday,9,30,12,20
604,IndiGo,Banglore,Delhi,170,non-stop,5740,12,5,Sunday,8,30,11,20
605,SpiceJet,Mumbai,Hyderabad,90,non-stop,1965,15,6,Saturday,13,15,14,45
606,Air India,Delhi,Cochin,180,non-stop,6094,9,6,Sunday,14,10,17,10
607,Vistara,Banglore,Delhi,170,non-stop,5403,3,4,Wednesday,11,30,14,20
608,Jet Airways,Delhi,Cochin,1060,2 stops,11093,21,3,Thursday,10,45,4,25
609,IndiGo,Kolkata,Banglore,330,1 stop,6111,1,5,Wednesday,7,10,12,40
610,Jet Airways,Banglore,Delhi,165,non-stop,7229,12,5,Sunday,6,0,8,45
611,Jet Airways,Kolkata,Banglore,1315,1 stop,9663,6,5,Monday,14,5,12,0
612,Air India,Mumbai,Hyderabad,90,non-stop,3625,1,5,Wednesday,13,55,15,25
613,IndiGo,Delhi,Cochin,895,1 stop,6979,6,5,Monday,10,35,1,30
614,SpiceJet,Kolkata,Banglore,150,non-stop,3815,21,3,Thursday,9,0,11,30
615,Vistara,Mumbai,Hyderabad,670,1 stop,12395,6,3,Wednesday,8,45,19,55
616,Jet Airways,Kolkata,Banglore,800,1 stop,14781,21,5,Tuesday,20,0,9,20
617,SpiceJet,Kolkata,Banglore,330,1 stop,7804,24,5,Friday,15,55,21,25
618,Multiple carriers,Delhi,Cochin,730,1 stop,11142,9,5,Thursday,7,5,19,15
619,Air India,Kolkata,Banglore,1170,2 stops,6117,15,5,Wednesday,9,10,4,40
620,Multiple carriers,Delhi,Cochin,395,1 stop,7845,27,3,Wednesday,8,55,15,30
621,Multiple carriers,Delhi,Cochin,720,1 stop,13587,15,6,Saturday,9,0,21,0
622,Air India,Delhi,Cochin,735,1 stop,8669,12,6,Wednesday,7,0,19,15
623,Multiple carriers,Delhi,Cochin,390,1 stop,6795,24,6,Monday,19,0,1,30
624,Multiple carriers,Delhi,Cochin,705,1 stop,7564,18,5,Saturday,7,30,19,15
625,Air India,Delhi,Cochin,735,1 stop,6377,27,3,Wednesday,7,0,19,15
626,Multiple carriers,Delhi,Cochin,465,1 stop,15898,27,5,Monday,11,30,19,15
627,SpiceJet,Banglore,Delhi,175,non-stop,3919,24,5,Friday,21,10,0,5
628,IndiGo,Banglore,Delhi,175,non-stop,4823,3,4,Wednesday,7,10,10,5
629,IndiGo,Banglore,Delhi,175,non-stop,4823,18,5,Saturday,18,25,21,20
630,Multiple carriers,Delhi,Cochin,630,1 stop,9526,15,6,Saturday,8,45,19,15
631,Jet Airways,Delhi,Cochin,810,2 stops,13292,6,6,Thursday,5,30,19,0
632,Air Asia,Delhi,Cochin,470,1 stop,8759,9,6,Sunday,7,55,15,45
633,Jet Airways,Kolkata,Banglore,570,1 stop,14781,9,5,Thursday,14,5,23,35
634,IndiGo,Delhi,Cochin,305,1 stop,9165,27,6,Thursday,23,30,4,35
635,IndiGo,Banglore,Delhi,170,non-stop,4823,18,6,Tuesday,20,0,22,50
636,Jet Airways,Banglore,Delhi,175,non-stop,8016,15,6,Saturday,11,10,14,5
637,Jet Airways,Delhi,Cochin,395,1 stop,16079,3,6,Monday,21,50,4,25
638,IndiGo,Delhi,Cochin,885,1 stop,7094,6,3,Wednesday,7,35,22,20
639,Multiple carriers,Delhi,Cochin,390,1 stop,7198,24,6,Monday,19,0,1,30
640,Jet Airways,Banglore,New Delhi,890,1 stop,31825,1,3,Friday,18,40,9,30
641,Jet Airways,Kolkata,Banglore,1055,1 stop,14781,15,5,Wednesday,16,30,10,5
642,IndiGo,Kolkata,Banglore,155,non-stop,4804,27,4,Saturday,15,30,18,5
643,Air India,Delhi,Cochin,570,1 stop,8907,27,5,Monday,13,30,23,0
644,Vistara,Banglore,Delhi,170,non-stop,4668,6,5,Monday,21,0,23,50
645,Jet Airways,Kolkata,Banglore,475,1 stop,9899,12,6,Wednesday,8,25,16,20
646,Multiple carriers Premium economy,Delhi,Cochin,395,1 stop,13369,21,3,Thursday,6,0,12,35
647,Air India,Mumbai,Hyderabad,1630,2 stops,13169,6,3,Wednesday,6,0,9,10
648,Jet Airways,Banglore,Delhi,180,non-stop,7229,27,4,Saturday,17,45,20,45
649,Jet Airways,Banglore,New Delhi,1235,1 stop,9134,15,3,Friday,11,40,8,15
650,Jet Airways,Delhi,Cochin,1570,1 stop,10262,1,6,Saturday,2,15,4,25
651,IndiGo,Banglore,Delhi,175,non-stop,3419,27,5,Monday,0,30,3,25
652,Air India,Delhi,Cochin,965,1 stop,7690,18,5,Saturday,17,20,9,25
653,Vistara,Kolkata,Banglore,790,1 stop,8610,15,5,Wednesday,7,10,20,20
654,Jet Airways,Delhi,Cochin,1320,2 stops,13376,24,6,Monday,14,35,12,35
655,Jet Airways,Banglore,Delhi,165,non-stop,7229,15,5,Wednesday,6,0,8,45
656,Jet Airways,Delhi,Cochin,1145,1 stop,5406,1,4,Monday,17,30,12,35
657,Air India,Chennai,Kolkata,135,non-stop,4667,12,5,Sunday,11,40,13,55
658,Air India,Delhi,Cochin,1470,2 stops,12698,3,6,Monday,7,10,7,40
659,IndiGo,Delhi,Cochin,575,1 stop,6416,9,6,Sunday,11,25,21,0
660,IndiGo,Banglore,Delhi,170,non-stop,3943,27,5,Monday,13,0,15,50
661,IndiGo,Delhi,Cochin,505,1 stop,5307,6,4,Saturday,4,55,13,20
662,Jet Airways,Kolkata,Banglore,735,1 stop,14571,6,6,Thursday,20,0,8,15
663,Air India,Delhi,Cochin,1215,1 stop,8582,24,5,Friday,23,0,19,15
664,Jet Airways,Delhi,Cochin,1010,1 stop,10262,24,6,Monday,19,45,12,35
665,Vistara,Kolkata,Banglore,1065,1 stop,8662,6,5,Monday,17,0,10,45
666,Jet Airways,Kolkata,Banglore,840,1 stop,12121,6,5,Monday,9,35,23,35
667,Multiple carriers,Delhi,Cochin,455,1 stop,8266,21,5,Tuesday,11,40,19,15
668,SpiceJet,Banglore,Delhi,175,non-stop,3573,1,6,Saturday,21,10,0,5
669,Air Asia,Kolkata,Banglore,150,non-stop,4409,15,5,Wednesday,19,55,22,25
670,Jet Airways,Delhi,Cochin,745,1 stop,6540,27,3,Wednesday,16,0,4,25
671,Jet Airways,Kolkata,Banglore,425,1 stop,13941,15,5,Wednesday,16,30,23,35
672,IndiGo,Delhi,Cochin,370,1 stop,11237,3,3,Sunday,16,10,22,20
673,Jet Airways,Banglore,New Delhi,805,1 stop,16736,6,3,Wednesday,5,45,19,10
674,IndiGo,Delhi,Cochin,195,non-stop,6834,15,5,Wednesday,21,5,0,20
675,Jet Airways,Mumbai,Hyderabad,90,non-stop,4050,18,5,Saturday,10,20,11,50
676,SpiceJet,Chennai,Kolkata,135,non-stop,3859,24,6,Monday,9,45,12,0
677,Multiple carriers,Delhi,Cochin,850,2 stops,7731,6,3,Wednesday,7,10,21,20
678,Jet Airways,Kolkata,Banglore,450,1 stop,8586,9,6,Sunday,21,10,4,40
679,IndiGo,Banglore,New Delhi,295,1 stop,5397,15,3,Friday,16,55,21,50
680,Vistara,Kolkata,Banglore,1445,1 stop,11105,24,3,Sunday,20,20,20,25
681,Jet Airways,Banglore,New Delhi,365,1 stop,11087,18,3,Monday,16,55,23,0
682,Jet Airways,Banglore,Delhi,185,non-stop,7229,1,4,Monday,18,55,22,0
683,Air India,Kolkata,Banglore,150,non-stop,5170,15,3,Friday,14,15,16,45
684,Jet Airways,Kolkata,Banglore,910,1 stop,8586,1,5,Wednesday,18,55,10,5
685,Multiple carriers,Delhi,Cochin,545,1 stop,9646,1,6,Saturday,7,5,16,10
686,Jet Airways,Delhi,Cochin,1655,1 stop,10262,12,6,Wednesday,9,0,12,35
687,Jet Airways,Banglore,New Delhi,1420,1 stop,13502,3,3,Sunday,8,0,7,40
688,IndiGo,Chennai,Kolkata,145,non-stop,3858,24,6,Monday,11,35,14,0
689,Jet Airways,Kolkata,Banglore,1495,1 stop,13759,24,3,Sunday,19,45,20,40
690,IndiGo,Kolkata,Banglore,220,1 stop,4226,1,5,Wednesday,19,35,23,15
691,Jet Airways,Delhi,Cochin,195,non-stop,9564,21,6,Friday,11,0,14,15
692,IndiGo,Kolkata,Banglore,155,non-stop,4804,3,6,Monday,9,35,12,10
693,Air India,Kolkata,Banglore,2115,3 stops,14221,24,3,Sunday,12,0,23,15
694,IndiGo,Delhi,Cochin,425,1 stop,6818,15,6,Saturday,5,5,12,10
695,SpiceJet,Kolkata,Banglore,140,non-stop,3841,9,6,Sunday,22,20,0,40
696,Jet Airways,Delhi,Cochin,195,non-stop,7202,9,6,Sunday,11,0,14,15
697,IndiGo,Kolkata,Banglore,155,non-stop,4148,9,3,Saturday,15,20,17,55
698,IndiGo,Delhi,Cochin,340,1 stop,6027,21,5,Tuesday,15,10,20,50
699,Jet Airways,Delhi,Cochin,1185,1 stop,18253,3,3,Sunday,23,5,18,50
700,Jet Airways,Delhi,Cochin,590,1 stop,12032,27,3,Wednesday,9,0,18,50
701,SpiceJet,Chennai,Kolkata,140,non-stop,3543,3,6,Monday,17,45,20,5
702,Air Asia,Delhi,Cochin,625,1 stop,6451,27,6,Thursday,20,45,7,10
703,Jet Airways,Delhi,Cochin,535,2 stops,13014,1,6,Saturday,19,30,4,25
704,IndiGo,Banglore,New Delhi,175,non-stop,12649,1,3,Friday,21,20,0,15
705,Multiple carriers,Delhi,Cochin,485,2 stops,11560,9,3,Saturday,13,15,21,20
706,IndiGo,Banglore,Delhi,170,non-stop,4823,21,5,Tuesday,8,30,11,20
707,Jet Airways,Banglore,New Delhi,980,1 stop,13817,12,3,Tuesday,22,55,15,15
708,IndiGo,Kolkata,Banglore,155,non-stop,4804,24,6,Monday,4,40,7,15
709,Multiple carriers,Delhi,Cochin,665,1 stop,17057,3,3,Sunday,2,15,13,20
710,Jet Airways,Kolkata,Banglore,1055,1 stop,8586,1,5,Wednesday,16,30,10,5
711,Multiple carriers,Delhi,Cochin,900,1 stop,8055,27,3,Wednesday,6,0,21,0
712,IndiGo,Mumbai,Hyderabad,90,non-stop,5755,3,3,Sunday,9,10,10,40
713,Jet Airways,Kolkata,Banglore,750,1 stop,14151,6,6,Thursday,9,35,22,5
714,Vistara,Delhi,Cochin,175,non-stop,6688,15,3,Friday,14,55,17,50
715,Jet Airways,Delhi,Cochin,590,1 stop,5963,27,3,Wednesday,9,0,18,50
716,Jet Airways,Kolkata,Banglore,800,1 stop,8586,24,5,Friday,18,55,8,15
717,Jet Airways,Kolkata,Banglore,945,1 stop,8586,18,5,Saturday,16,30,8,15
718,Air India,Kolkata,Banglore,555,1 stop,11936,15,5,Wednesday,7,0,16,15
719,Jet Airways,Banglore,Delhi,180,non-stop,7229,1,6,Saturday,17,45,20,45
720,SpiceJet,Banglore,Delhi,170,non-stop,3625,24,5,Friday,9,30,12,20
721,IndiGo,Banglore,Delhi,170,non-stop,3943,12,6,Wednesday,23,30,2,20
722,Air India,Delhi,Cochin,1010,1 stop,7174,9,5,Thursday,6,10,23,0
723,SpiceJet,Delhi,Cochin,315,1 stop,5583,3,6,Monday,6,5,11,20
724,Jet Airways,Delhi,Cochin,1465,2 stops,11869,21,3,Thursday,18,25,18,50
725,Vistara,Banglore,Delhi,160,non-stop,4668,24,5,Friday,7,0,9,40
726,IndiGo,Delhi,Cochin,350,1 stop,13628,6,3,Wednesday,7,30,13,20
727,Jet Airways,Kolkata,Banglore,1405,1 stop,11134,24,3,Sunday,16,55,16,20
728,SpiceJet,Banglore,Delhi,170,non-stop,4991,27,4,Saturday,9,30,12,20
729,IndiGo,Kolkata,Banglore,150,non-stop,4804,6,5,Monday,15,15,17,45
730,Air India,Delhi,Cochin,1820,2 stops,12436,9,6,Sunday,12,55,19,15
731,Jet Airways,Delhi,Cochin,1010,1 stop,12898,21,5,Tuesday,19,45,12,35
732,Jet Airways,Kolkata,Banglore,870,1 stop,8066,9,5,Thursday,20,25,10,55
733,Jet Airways,Delhi,Cochin,1620,2 stops,12609,24,6,Monday,9,35,12,35
734,SpiceJet,Mumbai,Hyderabad,90,non-stop,1965,27,6,Thursday,22,45,0,15
735,Air India,Delhi,Cochin,570,1 stop,8907,24,6,Monday,13,30,23,0
736,Multiple carriers,Delhi,Cochin,795,1 stop,8266,15,5,Wednesday,6,0,19,15
737,Jet Airways,Delhi,Cochin,330,1 stop,10262,9,6,Sunday,7,5,12,35
738,IndiGo,Chennai,Kolkata,140,non-stop,3597,27,6,Thursday,19,35,21,55
739,Jet Airways,Delhi,Cochin,360,1 stop,14714,9,6,Sunday,13,0,19,0
740,Multiple carriers,Delhi,Cochin,615,1 stop,15373,1,5,Wednesday,9,0,19,15
741,Multiple carriers,Delhi,Cochin,860,1 stop,7155,24,6,Monday,4,55,19,15
742,Jet Airways,Banglore,New Delhi,780,1 stop,7832,21,3,Thursday,18,40,7,40
743,IndiGo,Delhi,Cochin,965,1 stop,6162,24,4,Wednesday,4,55,21,0
744,Jet Airways,Banglore,New Delhi,1135,1 stop,17261,6,3,Wednesday,14,5,9,0
745,Vistara,Delhi,Cochin,190,non-stop,6216,3,6,Monday,14,40,17,50
746,Air India,Delhi,Cochin,1580,2 stops,10975,15,6,Saturday,7,5,9,25
747,IndiGo,Delhi,Cochin,625,1 stop,7503,18,5,Saturday,10,35,21,0
748,Jet Airways,Kolkata,Banglore,1655,1 stop,8586,6,5,Monday,6,30,10,5
749,Multiple carriers,Delhi,Cochin,535,1 stop,8266,21,5,Tuesday,10,20,19,15
750,Vistara Premium economy,Chennai,Kolkata,135,non-stop,9125,1,3,Friday,7,5,9,20
751,Multiple carriers,Delhi,Cochin,840,1 stop,7408,12,6,Wednesday,7,0,21,0
752,Air India,Kolkata,Banglore,965,1 stop,6327,9,6,Sunday,19,0,11,5
753,Jet Airways,Kolkata,Banglore,520,1 stop,9663,6,5,Monday,20,0,4,40
754,Jet Airways,Delhi,Cochin,440,2 stops,15812,9,6,Sunday,11,40,19,0
755,Jet Airways,Banglore,Delhi,180,non-stop,4544,15,4,Monday,17,45,20,45
756,Air Asia,Kolkata,Banglore,150,non-stop,4409,18,5,Saturday,22,50,1,20
757,IndiGo,Banglore,Delhi,175,non-stop,4823,6,6,Thursday,7,10,10,5
758,IndiGo,Banglore,Delhi,175,non-stop,3419,15,5,Wednesday,0,30,3,25
759,IndiGo,Banglore,Delhi,170,non-stop,4591,21,4,Sunday,10,10,13,0
760,IndiGo,Chennai,Kolkata,140,non-stop,3597,15,6,Saturday,14,45,17,5
761,Multiple carriers,Delhi,Cochin,535,1 stop,15353,6,3,Wednesday,10,20,19,15
762,IndiGo,Banglore,New Delhi,175,non-stop,6144,9,3,Saturday,20,0,22,55
763,IndiGo,Kolkata,Banglore,155,non-stop,5198,27,3,Wednesday,15,20,17,55
764,Jet Airways,Banglore,Delhi,185,non-stop,7229,1,5,Wednesday,18,55,22,0
765,Air India,Delhi,Cochin,1535,1 stop,6587,27,6,Thursday,5,15,6,50
766,Vistara,Kolkata,Banglore,1065,1 stop,9187,21,5,Tuesday,17,0,10,45
767,Vistara,Kolkata,Banglore,975,1 stop,9345,18,5,Saturday,7,10,23,25
768,IndiGo,Kolkata,Banglore,330,1 stop,4864,15,5,Wednesday,7,10,12,40
769,Jet Airways,Delhi,Cochin,300,1 stop,14714,1,6,Saturday,14,0,19,0
770,Air India,Delhi,Cochin,2280,3 stops,10703,6,6,Thursday,5,15,19,15
771,SpiceJet,Kolkata,Banglore,140,non-stop,3873,27,6,Thursday,22,20,0,40
772,Air India,Delhi,Cochin,1640,1 stop,7480,21,5,Tuesday,6,5,9,25
773,Vistara,Kolkata,Banglore,1645,1 stop,12102,24,3,Sunday,17,0,20,25
774,Air India,Kolkata,Banglore,1350,1 stop,8366,9,6,Sunday,9,25,7,55
775,Multiple carriers,Delhi,Cochin,810,1 stop,7740,24,6,Monday,7,30,21,0
776,IndiGo,Delhi,Cochin,375,1 stop,6442,21,5,Tuesday,11,55,18,10
777,Air India,Delhi,Cochin,180,non-stop,6934,3,6,Monday,14,10,17,10
778,Jet Airways,Delhi,Cochin,450,1 stop,14714,27,6,Thursday,11,30,19,0
779,Jet Airways,Kolkata,Banglore,685,1 stop,13626,12,6,Wednesday,8,25,19,50
780,SpiceJet,Chennai,Kolkata,135,non-stop,3543,3,5,Friday,8,20,10,35
781,Multiple carriers,Delhi,Cochin,830,1 stop,6795,15,6,Saturday,11,40,1,30
782,Jet Airways,Kolkata,Banglore,1610,1 stop,13759,24,3,Sunday,19,45,22,35
783,Jet Airways,Delhi,Cochin,1100,1 stop,10262,3,6,Monday,18,15,12,35
784,Air India,Kolkata,Banglore,1440,1 stop,6528,15,5,Wednesday,14,35,14,35
785,Jet Airways,Delhi,Cochin,1210,1 stop,10262,24,6,Monday,22,50,19,0
786,IndiGo,Kolkata,Banglore,155,non-stop,4804,6,6,Thursday,4,40,7,15
787,IndiGo,Delhi,Cochin,415,1 stop,5883,24,6,Monday,18,35,1,30
788,Jet Airways,Mumbai,Hyderabad,85,non-stop,5678,27,6,Thursday,2,55,4,20
789,Jet Airways,Kolkata,Banglore,1685,1 stop,10539,9,6,Sunday,17,0,21,5
790,Air India,Banglore,Delhi,170,non-stop,6121,24,4,Wednesday,13,20,16,10
791,Jet Airways,Kolkata,Banglore,1745,1 stop,13067,24,5,Friday,17,0,22,5
792,Multiple carriers,Delhi,Cochin,465,2 stops,24528,3,3,Sunday,17,50,1,35
793,Multiple carriers,Delhi,Cochin,835,1 stop,10406,12,6,Wednesday,7,5,21,0
794,IndiGo,Kolkata,Banglore,160,non-stop,4148,15,3,Friday,21,25,0,5
795,Vistara,Banglore,Delhi,170,non-stop,4668,12,5,Sunday,11,30,14,20
796,Air Asia,Kolkata,Banglore,150,non-stop,3807,18,6,Tuesday,9,45,12,15
797,Multiple carriers,Delhi,Cochin,660,1 stop,10197,21,5,Tuesday,8,0,19,0
798,Jet Airways,Delhi,Cochin,1620,2 stops,13292,15,6,Saturday,9,35,12,35
799,Air India,Banglore,New Delhi,1795,2 stops,8114,24,3,Sunday,17,0,22,55
800,Multiple carriers,Delhi,Cochin,385,1 stop,6953,27,3,Wednesday,12,50,19,15
801,Air India,Delhi,Cochin,1210,2 stops,10467,27,5,Monday,13,15,9,25
802,Air India,Kolkata,Banglore,1830,2 stops,10151,24,5,Friday,12,0,18,30
803,IndiGo,Kolkata,Banglore,150,non-stop,4804,12,6,Wednesday,15,15,17,45
804,GoAir,Banglore,New Delhi,175,non-stop,5048,24,3,Sunday,7,45,10,40
805,Air India,Kolkata,Banglore,1830,2 stops,9626,9,5,Thursday,12,0,18,30
806,Multiple carriers,Delhi,Cochin,480,1 stop,14067,24,5,Friday,13,0,21,0
807,SpiceJet,Mumbai,Hyderabad,90,non-stop,1965,12,5,Sunday,22,45,0,15
808,IndiGo,Kolkata,Banglore,155,non-stop,4804,3,6,Monday,17,15,19,50
809,Air India,Kolkata,Banglore,535,2 stops,8366,1,5,Wednesday,9,25,18,20
810,Air India,Kolkata,Banglore,810,2 stops,10697,18,5,Saturday,8,20,21,50
811,Jet Airways,Delhi,Cochin,535,2 stops,10368,3,6,Monday,19,30,4,25
812,IndiGo,Chennai,Kolkata,140,non-stop,5277,15,6,Saturday,22,5,0,25
813,Air India,Delhi,Cochin,965,1 stop,7480,12,6,Wednesday,17,20,9,25
814,Multiple carriers,Delhi,Cochin,750,1 stop,7198,15,6,Saturday,13,0,1,30
815,Multiple carriers,Delhi,Cochin,630,1 stop,10261,1,6,Saturday,8,45,19,15
816,Jet Airways,Delhi,Cochin,425,2 stops,16274,27,5,Monday,5,30,12,35
817,SpiceJet,Banglore,Delhi,160,non-stop,3311,15,5,Wednesday,5,55,8,35
818,IndiGo,Banglore,Delhi,170,non-stop,3943,1,4,Monday,4,0,6,50
819,Jet Airways,Delhi,Cochin,300,1 stop,5177,1,4,Monday,14,0,19,0
820,SpiceJet,Delhi,Cochin,295,1 stop,5975,9,5,Thursday,17,55,22,50
821,IndiGo,Kolkata,Banglore,165,non-stop,4804,18,5,Saturday,9,35,12,20
822,Air India,Banglore,New Delhi,165,non-stop,11423,3,3,Sunday,10,0,12,45
823,SpiceJet,Banglore,Delhi,175,non-stop,5621,18,4,Thursday,21,10,0,5
824,IndiGo,Mumbai,Hyderabad,90,non-stop,4392,1,5,Wednesday,6,25,7,55
825,Jet Airways,Delhi,Cochin,1365,2 stops,12074,27,3,Wednesday,5,40,4,25
826,Jet Airways,Delhi,Cochin,550,1 stop,16289,9,3,Saturday,19,15,4,25
827,IndiGo,Banglore,Delhi,175,non-stop,4823,27,4,Saturday,18,25,21,20
828,Air India,Banglore,New Delhi,1075,2 stops,7664,15,3,Friday,5,50,23,45
829,Jet Airways,Delhi,Cochin,745,1 stop,17234,3,3,Sunday,16,0,4,25
830,IndiGo,Banglore,Delhi,175,non-stop,4823,15,4,Monday,18,55,21,50
831,Jet Airways,Kolkata,Banglore,365,1 stop,10844,1,5,Wednesday,16,30,22,35
832,Multiple carriers,Delhi,Cochin,510,1 stop,7198,6,6,Thursday,17,0,1,30
833,Air India,Mumbai,Hyderabad,850,1 stop,12308,6,3,Wednesday,19,0,9,10
834,Jet Airways,Banglore,New Delhi,435,1 stop,9134,15,3,Friday,8,55,16,10
835,Air India,Delhi,Cochin,180,non-stop,6094,15,5,Wednesday,14,10,17,10
836,Multiple carriers,Delhi,Cochin,480,1 stop,13377,27,5,Monday,17,30,1,30
837,Vistara,Banglore,Delhi,170,non-stop,4668,3,5,Friday,11,30,14,20
838,Jet Airways,Kolkata,Banglore,590,1 stop,14781,1,5,Wednesday,8,25,18,15
839,Jet Airways,Kolkata,Banglore,395,1 stop,14151,6,6,Thursday,17,0,23,35
840,SpiceJet,Kolkata,Banglore,140,non-stop,3841,12,6,Wednesday,22,20,0,40
841,IndiGo,Chennai,Kolkata,135,non-stop,7295,3,3,Sunday,13,20,15,35
842,IndiGo,Chennai,Kolkata,165,non-stop,3540,15,6,Saturday,15,40,18,25
843,Multiple carriers,Delhi,Cochin,615,1 stop,6795,9,6,Sunday,15,15,1,30
844,Multiple carriers,Delhi,Cochin,780,1 stop,7618,24,6,Monday,8,0,21,0
845,Jet Airways,Kolkata,Banglore,1655,1 stop,8529,12,6,Wednesday,6,30,10,5
846,Multiple carriers,Delhi,Cochin,390,1 stop,7530,1,6,Saturday,19,0,1,30
847,GoAir,Banglore,Delhi,175,non-stop,3419,18,6,Tuesday,7,45,10,40
848,Jet Airways,Kolkata,Banglore,400,1 stop,14781,9,5,Thursday,14,5,20,45
849,Multiple carriers,Delhi,Cochin,795,1 stop,8371,27,3,Wednesday,6,0,19,15
850,Jet Airways,Kolkata,Banglore,1545,1 stop,10844,15,5,Wednesday,16,30,18,15
851,Jet Airways,Kolkata,Banglore,1015,1 stop,8824,24,3,Sunday,6,30,23,25
852,Jet Airways,Delhi,Cochin,1325,1 stop,10577,9,6,Sunday,20,55,19,0
853,Air India,Delhi,Cochin,1180,2 stops,8603,12,6,Wednesday,12,0,7,40
854,Air India,Chennai,Kolkata,135,non-stop,10810,3,3,Sunday,11,40,13,55
855,Jet Airways,Kolkata,Banglore,1120,1 stop,13067,6,5,Monday,20,25,15,5
856,Air India,Kolkata,Banglore,1830,2 stops,9416,12,6,Wednesday,12,0,18,30
857,Jet Airways,Mumbai,Hyderabad,85,non-stop,5678,9,6,Sunday,7,5,8,30
858,Air India,Banglore,New Delhi,665,2 stops,13576,1,3,Friday,11,5,22,10
859,Air India,Kolkata,Banglore,1545,1 stop,8891,12,5,Sunday,9,25,11,10
860,Jet Airways,Delhi,Cochin,1260,1 stop,17024,3,3,Sunday,21,50,18,50
861,Jet Airways,Delhi,Cochin,1045,2 stops,11150,27,6,Thursday,19,10,12,35
862,SpiceJet,Chennai,Kolkata,135,non-stop,3543,24,5,Friday,9,45,12,0
863,Air India,Delhi,Cochin,795,1 stop,8907,27,6,Thursday,9,45,23,0
864,Jet Airways,Kolkata,Banglore,1285,1 stop,14781,15,5,Wednesday,18,55,16,20
865,Jet Airways,Kolkata,Banglore,1330,1 stop,13941,15,5,Wednesday,6,30,4,40
866,Air India,Banglore,New Delhi,165,non-stop,25703,1,3,Friday,21,10,23,55
867,SpiceJet,Mumbai,Hyderabad,90,non-stop,2753,15,6,Saturday,5,45,7,15
868,Jet Airways,Kolkata,Banglore,740,1 stop,10844,6,6,Thursday,8,25,20,45
869,IndiGo,Delhi,Cochin,575,1 stop,14871,3,3,Sunday,16,0,1,35
870,IndiGo,Kolkata,Banglore,160,non-stop,4804,21,5,Tuesday,21,25,0,5
871,Jet Airways,Delhi,Cochin,195,non-stop,9564,24,6,Monday,11,0,14,15
872,SpiceJet,Banglore,Delhi,170,non-stop,3625,24,6,Monday,9,30,12,20
873,Multiple carriers,Delhi,Cochin,705,1 stop,8266,9,5,Thursday,7,30,19,15
874,Vistara,Kolkata,Banglore,1440,1 stop,8085,12,6,Wednesday,20,20,20,20
875,IndiGo,Chennai,Kolkata,140,non-stop,3597,1,6,Saturday,14,45,17,5
876,Jet Airways,Kolkata,Banglore,740,1 stop,14571,24,5,Friday,8,25,20,45
877,Jet Airways,Banglore,Delhi,165,non-stop,5769,24,6,Monday,6,0,8,45
878,Multiple carriers,Delhi,Cochin,570,1 stop,13727,18,5,Saturday,11,30,21,0
879,Air India,Delhi,Cochin,1350,1 stop,22798,1,3,Friday,9,45,8,15
880,Jet Airways,Kolkata,Banglore,910,1 stop,8586,24,5,Friday,18,55,10,5
881,Air India,Delhi,Cochin,1420,1 stop,7952,6,6,Thursday,9,45,9,25
882,SpiceJet,Kolkata,Banglore,155,non-stop,3841,6,4,Saturday,6,55,9,30
883,IndiGo,Delhi,Cochin,515,1 stop,13611,6,3,Wednesday,4,45,13,20
884,IndiGo,Banglore,Delhi,170,non-stop,3943,21,5,Tuesday,10,10,13,0
885,IndiGo,Kolkata,Banglore,155,non-stop,4804,27,4,Saturday,11,30,14,5
886,Multiple carriers,Delhi,Cochin,720,1 stop,13727,18,5,Saturday,9,0,21,0
887,Jet Airways,Banglore,Delhi,180,non-stop,5198,18,5,Saturday,19,50,22,50
888,IndiGo,Mumbai,Hyderabad,90,non-stop,4049,3,5,Friday,6,25,7,55
889,Jet Airways,Delhi,Cochin,1615,2 stops,13014,1,6,Saturday,9,40,12,35
890,IndiGo,Kolkata,Banglore,160,non-stop,4804,6,6,Thursday,21,25,0,5
891,IndiGo,Kolkata,Banglore,155,non-stop,4174,12,4,Friday,22,15,0,50
892,IndiGo,Mumbai,Hyderabad,90,non-stop,4049,1,6,Saturday,6,25,7,55
893,Jet Airways,Delhi,Cochin,1575,1 stop,5406,27,3,Wednesday,17,30,19,45
894,Air Asia,Kolkata,Banglore,720,1 stop,5192,1,5,Wednesday,22,40,10,40
895,Jet Airways,Delhi,Cochin,360,1 stop,12898,27,5,Monday,13,0,19,0
896,IndiGo,Banglore,New Delhi,165,non-stop,4777,24,3,Sunday,1,30,4,15
897,IndiGo,Banglore,New Delhi,165,non-stop,4545,9,3,Saturday,0,40,3,25
898,IndiGo,Kolkata,Banglore,155,non-stop,4804,9,5,Thursday,15,30,18,5
899,Multiple carriers,Delhi,Cochin,810,1 stop,8055,27,3,Wednesday,7,30,21,0
900,Jet Airways,Delhi,Cochin,1775,2 stops,15339,27,6,Thursday,13,25,19,0
901,Air India,Delhi,Cochin,570,1 stop,8907,1,6,Saturday,13,30,23,0
902,Air India,Kolkata,Banglore,1440,1 stop,6528,21,5,Tuesday,14,35,14,35
903,Air India,Banglore,New Delhi,965,2 stops,11474,12,3,Tuesday,6,50,22,55
904,Air India,Mumbai,Hyderabad,90,non-stop,3100,9,6,Sunday,13,55,15,25
905,Jet Airways,Delhi,Cochin,1570,1 stop,11848,9,3,Saturday,2,15,4,25
906,Air India,Delhi,Cochin,185,non-stop,4729,18,3,Monday,18,5,21,10
907,Jet Airways,Delhi,Cochin,1390,2 stops,12819,24,6,Monday,13,25,12,35
908,Vistara,Kolkata,Banglore,1065,1 stop,8452,9,5,Thursday,17,0,10,45
909,Multiple carriers,Delhi,Cochin,675,1 stop,11761,27,5,Monday,8,0,19,15
910,IndiGo,Kolkata,Banglore,315,1 stop,6534,24,5,Friday,21,0,2,15
911,Vistara,Banglore,Delhi,170,non-stop,4668,9,5,Thursday,9,45,12,35
912,Jet Airways,Delhi,Cochin,830,2 stops,13376,24,6,Monday,14,35,4,25
913,Jet Airways,Banglore,New Delhi,1590,1 stop,11087,9,3,Saturday,7,0,9,30
914,Jet Airways,Banglore,Delhi,180,non-stop,7229,27,6,Thursday,19,50,22,50
915,Air India,Delhi,Cochin,180,non-stop,6094,9,5,Thursday,14,10,17,10
916,Multiple carriers,Delhi,Cochin,385,1 stop,8386,9,3,Saturday,9,45,16,10
917,IndiGo,Delhi,Cochin,625,1 stop,11600,3,3,Sunday,11,55,22,20
918,IndiGo,Chennai,Kolkata,140,non-stop,7295,24,3,Sunday,19,35,21,55
919,IndiGo,Delhi,Cochin,425,1 stop,6442,27,6,Thursday,5,5,12,10
920,Air India,Delhi,Cochin,1600,2 stops,11806,21,5,Tuesday,5,0,7,40
921,Jet Airways,Delhi,Cochin,395,1 stop,12898,27,6,Thursday,21,50,4,25
922,Jet Airways,Kolkata,Banglore,665,1 stop,14781,1,5,Wednesday,21,10,8,15
923,Jet Airways,Kolkata,Banglore,590,1 stop,7064,1,4,Monday,8,25,18,15
924,Air India,Banglore,New Delhi,1620,3 stops,13081,1,3,Friday,5,50,8,50
925,IndiGo,Kolkata,Banglore,240,1 stop,4226,15,5,Wednesday,6,20,10,20
926,Jet Airways,Banglore,Delhi,175,non-stop,5198,12,5,Sunday,11,10,14,5
927,Air Asia,Kolkata,Banglore,220,1 stop,5162,9,5,Thursday,6,50,10,30
928,IndiGo,Delhi,Cochin,425,1 stop,9709,21,3,Thursday,8,25,15,30
929,Multiple carriers,Delhi,Cochin,385,1 stop,7242,21,3,Thursday,9,45,16,10
930,IndiGo,Banglore,New Delhi,300,1 stop,7708,21,3,Thursday,14,25,19,25
931,SpiceJet,Kolkata,Banglore,150,non-stop,3841,27,5,Monday,17,10,19,40
932,Air India,Kolkata,Banglore,1615,1 stop,10203,15,5,Wednesday,17,30,20,25
933,SpiceJet,Mumbai,Hyderabad,90,non-stop,1965,9,6,Sunday,22,45,0,15
934,Air India,Delhi,Cochin,555,1 stop,8879,18,5,Saturday,10,0,19,15
935,Multiple carriers,Delhi,Cochin,470,1 stop,7845,27,3,Wednesday,17,45,1,35
936,Jet Airways,Delhi,Cochin,1355,1 stop,12373,18,5,Saturday,14,0,12,35
937,SpiceJet,Kolkata,Banglore,315,1 stop,4963,9,5,Thursday,15,5,20,20
938,Jet Airways,Kolkata,Banglore,1480,1 stop,10703,12,5,Sunday,20,25,21,5
939,IndiGo,Delhi,Cochin,845,1 stop,8330,9,5,Thursday,11,25,1,30
940,SpiceJet,Delhi,Cochin,380,1 stop,5899,15,4,Monday,15,45,22,5
941,SpiceJet,Delhi,Cochin,295,1 stop,5673,27,5,Monday,17,55,22,50
942,Air India,Kolkata,Banglore,1515,1 stop,6612,9,5,Thursday,12,0,13,15
943,Jet Airways,Kolkata,Banglore,1485,1 stop,10844,9,6,Sunday,20,0,20,45
944,IndiGo,Chennai,Kolkata,140,non-stop,3597,3,6,Monday,13,15,15,35
945,Multiple carriers,Delhi,Cochin,850,1 stop,14086,9,3,Saturday,6,50,21,0
946,Air India,Kolkata,Banglore,1105,2 stops,14214,9,5,Thursday,14,30,8,55
947,Multiple carriers,Delhi,Cochin,395,1 stop,13259,3,6,Monday,6,0,12,35
948,IndiGo,Delhi,Cochin,380,1 stop,6704,9,5,Thursday,16,10,22,30
949,Jet Airways,Delhi,Cochin,300,1 stop,14714,6,6,Thursday,14,0,19,0
950,IndiGo,Banglore,Delhi,170,non-stop,4423,6,4,Saturday,10,30,13,20
951,Jet Airways,Kolkata,Banglore,1335,1 stop,12681,1,4,Monday,20,0,18,15
952,Jet Airways,Delhi,Cochin,1015,1 stop,12898,27,5,Monday,11,30,4,25
953,Jet Airways,Banglore,New Delhi,1090,1 stop,9134,15,3,Friday,14,5,8,15
954,Jet Airways,Delhi,Cochin,805,1 stop,14714,1,6,Saturday,15,0,4,25
955,Jet Airways,Mumbai,Hyderabad,85,non-stop,4050,3,6,Monday,2,55,4,20
956,IndiGo,Kolkata,Banglore,315,1 stop,5930,12,6,Wednesday,21,0,2,15
957,IndiGo,Chennai,Kolkata,145,non-stop,3858,27,3,Wednesday,11,35,14,0
958,Jet Airways,Delhi,Cochin,1680,1 stop,12898,27,5,Monday,15,0,19,0
959,Vistara,Delhi,Cochin,190,non-stop,6216,27,6,Thursday,6,0,9,10
960,Air India,Delhi,Cochin,1545,2 stops,11543,21,5,Tuesday,5,55,7,40
961,Multiple carriers,Delhi,Cochin,630,1 stop,9627,1,5,Wednesday,8,30,19,0
962,Air India,Kolkata,Banglore,155,non-stop,4145,15,6,Saturday,20,45,23,20
963,IndiGo,Chennai,Kolkata,140,non-stop,5277,27,3,Wednesday,22,5,0,25
964,Air India,Delhi,Cochin,700,1 stop,8372,9,6,Sunday,20,0,7,40
965,IndiGo,Chennai,Kolkata,140,non-stop,3597,18,6,Tuesday,19,35,21,55
966,Air Asia,Delhi,Cochin,330,1 stop,6151,21,3,Thursday,16,45,22,15
967,Jet Airways,Mumbai,Hyderabad,90,non-stop,2759,24,3,Sunday,10,20,11,50
968,Air Asia,Kolkata,Banglore,955,1 stop,5192,9,5,Thursday,7,35,23,30
969,Jet Airways,Delhi,Cochin,715,1 stop,14714,9,6,Sunday,7,5,19,0
970,Jet Airways,Kolkata,Banglore,1025,1 stop,7064,1,4,Monday,6,30,23,35
971,Jet Airways,Delhi,Cochin,425,2 stops,14441,9,6,Sunday,5,30,12,35
972,Jet Airways,Banglore,Delhi,185,non-stop,7229,15,4,Monday,18,55,22,0
973,SpiceJet,Kolkata,Banglore,140,non-stop,3841,9,4,Tuesday,22,20,0,40
974,Air India,Kolkata,Banglore,155,non-stop,4145,9,5,Thursday,20,45,23,20
975,Jet Airways,Kolkata,Banglore,1480,1 stop,12121,12,5,Sunday,20,25,21,5
976,Jet Airways,Delhi,Cochin,1250,1 stop,6017,21,3,Thursday,22,0,18,50
977,Jet Airways,Delhi,Cochin,195,non-stop,5443,15,4,Monday,11,0,14,15
978,Multiple carriers,Delhi,Cochin,525,1 stop,10197,27,5,Monday,3,50,12,35
979,Jet Airways,Kolkata,Banglore,1695,1 stop,14231,24,3,Sunday,13,55,18,10
980,GoAir,Delhi,Cochin,455,1 stop,5628,3,3,Sunday,5,45,13,20
981,Air India,Banglore,New Delhi,435,2 stops,17461,1,3,Friday,10,30,17,45
982,Jet Airways,Kolkata,Banglore,1655,1 stop,7064,1,4,Monday,8,25,12,0
983,Multiple carriers,Delhi,Cochin,390,1 stop,7408,15,6,Saturday,19,0,1,30
984,Jet Airways,Delhi,Cochin,1210,1 stop,10262,3,6,Monday,22,50,19,0
985,Vistara,Kolkata,Banglore,700,1 stop,8610,12,6,Wednesday,7,10,18,50
986,Jet Airways,Delhi,Cochin,650,1 stop,12767,21,3,Thursday,8,0,18,50
987,Multiple carriers,Delhi,Cochin,480,1 stop,7408,6,6,Thursday,13,0,21,0
988,SpiceJet,Kolkata,Banglore,150,non-stop,6982,12,3,Tuesday,9,0,11,30
989,IndiGo,Mumbai,Hyderabad,85,non-stop,2754,27,3,Wednesday,12,0,13,25
990,IndiGo,Delhi,Cochin,965,1 stop,6758,18,5,Saturday,4,55,21,0
991,Air India,Kolkata,Banglore,1840,2 stops,12723,24,5,Friday,5,50,12,30
992,Air India,Delhi,Cochin,1220,2 stops,10975,12,6,Wednesday,13,5,9,25
993,SpiceJet,Chennai,Kolkata,140,non-stop,3543,18,6,Tuesday,17,45,20,5
994,Jet Airways,Kolkata,Banglore,1005,1 stop,9314,1,5,Wednesday,17,0,9,45
995,Air India,Mumbai,Hyderabad,80,non-stop,2575,24,3,Sunday,6,20,7,40
996,Jet Airways,Delhi,Cochin,300,1 stop,10262,27,6,Thursday,14,0,19,0
997,Jet Airways,Delhi,Cochin,520,1 stop,10577,9,6,Sunday,19,45,4,25
998,Jet Airways,Delhi,Cochin,195,non-stop,9564,12,5,Sunday,11,0,14,15
999,IndiGo,Mumbai,Hyderabad,90,non-stop,2754,1,4,Monday,19,5,20,35
1000,Jet Airways,Delhi,Cochin,395,1 stop,12242,27,3,Wednesday,21,50,4,25
1001,Air Asia,Kolkata,Banglore,150,non-stop,4409,18,4,Thursday,19,55,22,25
1002,Jet Airways,Delhi,Cochin,1295,1 stop,10262,27,6,Thursday,15,0,12,35
1003,Air India,Mumbai,Hyderabad,80,non-stop,3100,24,5,Friday,6,20,7,40
1004,Vistara,Banglore,Delhi,170,non-stop,4668,6,5,Monday,11,30,14,20
1005,Jet Airways,Kolkata,Banglore,800,1 stop,10539,12,6,Wednesday,20,25,9,45
1006,Air Asia,Delhi,Cochin,865,1 stop,8327,9,3,Saturday,16,45,7,10
1007,Vistara,Banglore,Delhi,170,non-stop,5403,1,4,Monday,21,0,23,50
1008,SpiceJet,Mumbai,Hyderabad,80,non-stop,2437,18,3,Monday,13,10,14,30
1009,Vistara,Banglore,Delhi,170,non-stop,5613,6,4,Saturday,9,45,12,35
1010,Air Asia,Delhi,Cochin,865,1 stop,7353,9,5,Thursday,16,45,7,10
1011,Air India,Kolkata,Banglore,155,non-stop,4145,27,5,Monday,20,45,23,20
1012,Jet Airways,Delhi,Cochin,1760,2 stops,15339,15,6,Saturday,23,5,4,25
1013,Air India,Banglore,Delhi,180,non-stop,6961,21,5,Tuesday,5,45,8,45
1014,IndiGo,Banglore,Delhi,180,non-stop,4823,12,6,Wednesday,16,55,19,55
1015,SpiceJet,Mumbai,Hyderabad,90,non-stop,1965,18,5,Saturday,5,45,7,15
1016,Multiple carriers,Delhi,Cochin,835,1 stop,10406,27,5,Monday,7,5,21,0
1017,Air India,Kolkata,Banglore,245,1 stop,8996,12,5,Sunday,9,10,13,15
1018,Jet Airways,Kolkata,Banglore,590,1 stop,10844,1,5,Wednesday,8,25,18,15
1019,Jet Airways,Banglore,Delhi,180,non-stop,4544,24,4,Wednesday,8,20,11,20
1020,IndiGo,Chennai,Kolkata,145,non-stop,3858,9,6,Sunday,11,35,14,0
1021,IndiGo,Kolkata,Banglore,165,non-stop,4804,24,4,Wednesday,9,35,12,20
1022,Jet Airways,Mumbai,Hyderabad,85,non-stop,5678,9,6,Sunday,2,55,4,20
1023,SpiceJet,Banglore,Delhi,175,non-stop,3625,15,5,Wednesday,21,10,0,5
1024,Vistara,Kolkata,Banglore,975,1 stop,8610,12,6,Wednesday,7,10,23,25
1025,Jet Airways,Banglore,Delhi,180,non-stop,4030,1,5,Wednesday,7,10,10,10
1026,Jet Airways,Delhi,Cochin,1025,2 stops,10368,18,5,Saturday,19,30,12,35
1027,SpiceJet,Kolkata,Banglore,155,non-stop,3841,21,6,Friday,6,55,9,30
1028,Jet Airways,Delhi,Cochin,620,1 stop,5177,3,4,Wednesday,2,15,12,35
1029,IndiGo,Delhi,Cochin,500,1 stop,7081,18,5,Saturday,17,10,1,30
1030,Air India,Mumbai,Hyderabad,85,non-stop,3100,9,6,Sunday,15,0,16,25
1031,Multiple carriers,Delhi,Cochin,630,1 stop,11200,15,6,Saturday,8,30,19,0
1032,SpiceJet,Kolkata,Banglore,140,non-stop,3841,27,4,Saturday,22,20,0,40
1033,IndiGo,Kolkata,Banglore,265,1 stop,3574,21,5,Tuesday,19,20,23,45
1034,Air India,Kolkata,Banglore,1255,2 stops,13432,18,5,Saturday,16,50,13,45
1035,Jet Airways,Banglore,Delhi,175,non-stop,4544,21,4,Sunday,15,15,18,10
1036,Vistara,Kolkata,Banglore,1580,1 stop,8662,6,6,Thursday,20,20,22,40
1037,SpiceJet,Kolkata,Banglore,330,1 stop,8224,9,5,Thursday,15,55,21,25
1038,Jet Airways,Banglore,Delhi,185,non-stop,7229,24,4,Wednesday,18,55,22,0
1039,Multiple carriers,Delhi,Cochin,505,1 stop,10877,6,6,Thursday,10,35,19,0
1040,Vistara,Banglore,Delhi,170,non-stop,4668,1,5,Wednesday,21,0,23,50
1041,Vistara,Banglore,New Delhi,175,non-stop,4878,21,3,Thursday,21,10,0,5
1042,Air India,Delhi,Cochin,375,1 stop,8372,9,5,Thursday,13,0,19,15
1043,Jet Airways,Delhi,Cochin,1025,2 stops,11733,6,6,Thursday,19,30,12,35
1044,Jet Airways,Delhi,Cochin,440,2 stops,21219,9,5,Thursday,11,40,19,0
1045,Air India,Delhi,Cochin,500,2 stops,11753,9,5,Thursday,10,55,19,15
