,Unnamed: 0,Airline,Source,Destination,Duration,Total_Stops,Price,Journey_day,Journey_month,Week_day,Dep_hour,Dep_min,Arrival_hour,Arrival_min,Label
0,0,SpiceJet,Kolkata,Banglore,145,non-stop,3873,24,6,Monday,9,0,11,25,3952.069330828066
1,1,Air India,Delhi,Cochin,1380,2 stops,13381,12,6,Wednesday,20,15,19,15,11971.530445720071
2,2,Air India,Kolkata,Banglore,150,non-stop,6245,18,5,Saturday,14,15,16,45,5294.730055840615
3,3,Jet Airways,Delhi,Cochin,715,1 stop,14924,3,6,Monday,7,5,19,0,12780.735390163842
4,4,Vistara,Chennai,Kolkata,135,non-stop,7414,6,3,Wednesday,7,5,9,20,6903.747021810474
5,5,Vistara,Chennai,Kolkata,135,non-stop,3687,24,5,Friday,7,5,9,20,4211.655104733599
6,6,Multiple carriers,Delhi,Cochin,440,1 stop,10791,24,6,Monday,11,40,19,0,10000.563346878293
7,7,Jet Airways,Kolkata,Banglore,1330,1 stop,13941,6,5,Monday,6,30,4,40,10821.3032178622
8,8,Jet Airways,Banglore,New Delhi,1050,1 stop,13817,12,3,Tuesday,16,55,10,25,12305.328529984521
9,9,Air India,Kolkata,Banglore,155,non-stop,4880,21,4,Sunday,20,45,23,20,6126.666903641934
10,10,IndiGo,Chennai,Kolkata,145,non-stop,3540,21,6,Friday,5,15,7,40,4158.452987746091
11,11,Air India,Kolkata,Banglore,1440,1 stop,6528,12,5,Sunday,14,35,14,35,8236.390438413237
12,12,Multiple carriers,Delhi,Cochin,925,1 stop,10348,18,5,Saturday,7,5,22,30,8703.739505680685
13,13,Air India,Delhi,Cochin,965,1 stop,12677,6,3,Wednesday,17,20,9,25,12554.560448219287
14,14,Jet Airways,Kolkata,Banglore,845,1 stop,9663,6,5,Monday,20,0,10,5,11465.150765684852
15,15,IndiGo,Chennai,Kolkata,140,non-stop,3597,3,6,Monday,14,45,17,5,4491.278546983653
16,16,Vistara,Delhi,Cochin,190,non-stop,6216,12,5,Sunday,14,40,17,50,6109.629892363084
17,17,Multiple carriers,Delhi,Cochin,480,1 stop,13017,9,4,Tuesday,17,30,1,30,10000.811615420987
18,18,IndiGo,Delhi,Cochin,325,1 stop,5636,15,6,Saturday,2,0,7,25,6263.232677092694
19,19,SpiceJet,Kolkata,Banglore,140,non-stop,3873,3,4,Wednesday,22,20,0,40,3603.6328833702482
20,20,Multiple carriers,Delhi,Cochin,780,1 stop,14277,21,5,Tuesday,8,0,21,0,10249.444505751331
21,21,Jet Airways,Mumbai,Hyderabad,90,non-stop,5678,27,3,Wednesday,19,35,21,5,3949.4670419019903
22,22,SpiceJet,Delhi,Cochin,270,1 stop,4812,24,6,Monday,8,45,13,15,4914.381354240314
23,23,Air India,Delhi,Cochin,615,1 stop,8372,12,6,Wednesday,9,0,19,15,9458.73669829576
24,24,IndiGo,Delhi,Cochin,345,1 stop,6349,1,5,Wednesday,21,50,3,35,8260.69900953155
25,25,IndiGo,Banglore,New Delhi,175,non-stop,8855,15,3,Friday,18,25,21,20,7262.102468744294
26,26,IndiGo,Kolkata,Banglore,165,non-stop,4462,18,3,Monday,9,35,12,20,4456.56473946543
27,27,Air India,Kolkata,Banglore,875,2 stops,12303,21,5,Tuesday,5,50,20,25,12200.325838725781
28,28,SpiceJet,Kolkata,Banglore,330,1 stop,8224,12,6,Wednesday,15,55,21,25,7479.601709145608
29,29,Air India,Delhi,Cochin,705,1 stop,8991,9,3,Saturday,20,30,8,15,10791.6986993541
30,30,Jet Airways,Delhi,Cochin,1375,2 stops,10368,6,6,Thursday,5,30,4,25,12773.349345227138
31,31,IndiGo,Delhi,Cochin,710,1 stop,14871,3,3,Sunday,9,10,21,0,13573.468332696568
32,32,Multiple carriers,Delhi,Cochin,390,1 stop,7198,27,6,Thursday,19,0,1,30,8109.3108707461515
33,33,Jet Airways,Delhi,Cochin,1225,1 stop,10262,1,6,Saturday,8,0,4,25,10738.855677064901
34,34,Jet Airways,Delhi,Cochin,335,1 stop,12898,27,5,Monday,22,50,4,25,14151.081408098114
35,35,SpiceJet,Kolkata,Banglore,340,1 stop,6197,24,3,Sunday,15,5,20,45,9895.809492707125
36,36,IndiGo,Delhi,Cochin,480,1 stop,6528,21,3,Thursday,14,20,22,20,6930.027439434005
37,37,Multiple carriers,Delhi,Cochin,925,1 stop,9646,12,6,Wednesday,7,5,22,30,8597.48852687906
38,38,IndiGo,Banglore,Delhi,170,non-stop,4591,18,4,Thursday,23,30,2,20,4481.267827197537
39,39,Multiple carriers,Delhi,Cochin,510,1 stop,15411,6,3,Wednesday,10,20,18,50,15083.132513450417
40,40,Air India,Kolkata,Banglore,1165,2 stops,12639,1,4,Monday,10,0,5,25,11871.799380362194
41,41,IndiGo,Banglore,Delhi,175,non-stop,4823,6,4,Saturday,18,25,21,20,4531.6910666411895
42,42,Jet Airways,Kolkata,Banglore,1495,1 stop,7064,1,4,Monday,18,55,19,50,9691.231697200701
43,43,Jet Airways,Delhi,Cochin,715,1 stop,10262,9,6,Sunday,7,5,19,0,12781.349676619291
44,44,IndiGo,Kolkata,Banglore,315,1 stop,6534,18,5,Saturday,21,0,2,15,7133.908437492682
45,45,Multiple carriers,Delhi,Cochin,420,1 stop,13727,18,5,Saturday,14,0,21,0,11403.991220387463
46,46,IndiGo,Chennai,Kolkata,140,non-stop,6482,6,3,Wednesday,5,15,7,35,6093.811777719353
47,47,Jet Airways,Banglore,New Delhi,380,1 stop,26890,1,3,Friday,8,55,15,15,32308.539900163567
48,48,Air India,Banglore,New Delhi,665,2 stops,10846,18,3,Monday,11,5,22,10,11122.99941534445
49,49,IndiGo,Delhi,Cochin,835,1 stop,6442,6,6,Thursday,8,35,22,30,6501.365146957853
50,50,Jet Airways,Delhi,Cochin,1090,2 stops,14237,12,6,Wednesday,18,25,12,35,12767.57465726044
51,51,Jet Airways,Delhi,Cochin,775,1 stop,14053,9,3,Saturday,6,50,19,45,15114.980457282096
52,52,IndiGo,Chennai,Kolkata,145,non-stop,3540,9,5,Thursday,5,15,7,40,4010.041252858835
53,53,Multiple carriers,Delhi,Cochin,845,1 stop,13542,21,3,Thursday,11,30,1,35,9787.57100757398
54,54,IndiGo,Delhi,Cochin,985,2 stops,8899,3,3,Sunday,4,55,21,20,9401.847703386728
55,55,IndiGo,Kolkata,Banglore,155,non-stop,4174,1,4,Monday,4,40,7,15,4474.348897351251
56,56,Air India,Delhi,Cochin,675,1 stop,15284,6,3,Wednesday,8,0,19,15,14055.639291978674
57,57,Air India,Delhi,Cochin,2295,2 stops,10598,9,3,Saturday,5,0,19,15,12323.354502038877
58,58,Vistara,Kolkata,Banglore,1550,1 stop,8610,1,4,Monday,17,0,18,50,8247.583881578757
59,59,Jet Airways,Mumbai,Hyderabad,90,non-stop,4050,3,3,Sunday,2,55,4,25,6545.02396926176
60,60,Vistara,Banglore,Delhi,160,non-stop,4878,18,5,Saturday,7,0,9,40,4868.486237592452
61,61,Jet Airways,Banglore,Delhi,180,non-stop,6144,21,4,Sunday,7,10,10,10,6495.83373125815
62,62,Air India,Delhi,Cochin,765,1 stop,5117,6,4,Saturday,20,40,9,25,6340.065581940432
63,63,SpiceJet,Banglore,Delhi,175,non-stop,4991,1,5,Wednesday,21,10,0,5,4132.829863492342
64,64,Air India,Chennai,Kolkata,135,non-stop,4667,15,6,Saturday,11,40,13,55,4889.690171561672
65,65,Jet Airways,Kolkata,Banglore,345,1 stop,14781,21,5,Tuesday,14,5,19,50,12532.765798887
66,66,Vistara,Banglore,Delhi,170,non-stop,5403,21,4,Sunday,9,45,12,35,5130.57761130411
67,67,Jet Airways,Kolkata,Banglore,570,1 stop,9899,12,6,Wednesday,14,5,23,35,12071.154689512628
68,68,Vistara,Kolkata,Banglore,1065,1 stop,9187,18,5,Saturday,17,0,10,45,9205.151636139157
69,69,Air Asia,Banglore,Delhi,165,non-stop,3383,24,4,Wednesday,11,10,13,55,4295.715829817028
70,70,Jet Airways,Delhi,Cochin,1475,2 stops,10976,27,3,Wednesday,19,10,19,45,9366.92969734039
71,71,IndiGo,Kolkata,Banglore,170,non-stop,4462,18,3,Monday,5,30,8,20,4245.295003432027
72,72,Multiple carriers Premium economy,Delhi,Cochin,705,1 stop,10161,21,3,Thursday,7,30,19,15,9094.144925265875
73,73,GoAir,Delhi,Cochin,310,1 stop,10651,1,6,Saturday,14,25,19,35,8085.485805284875
74,74,SpiceJet,Kolkata,Banglore,315,1 stop,4649,15,4,Monday,15,5,20,20,5648.018371778975
75,75,Jet Airways,Delhi,Cochin,810,2 stops,10368,3,6,Monday,5,30,19,0,12239.937376939793
76,76,IndiGo,Banglore,Delhi,170,non-stop,3943,24,6,Monday,13,0,15,50,4415.493276497919
77,77,IndiGo,Delhi,Cochin,405,1 stop,14871,3,3,Sunday,4,45,11,30,12757.718619514997
78,78,Vistara,Kolkata,Banglore,975,1 stop,8085,9,5,Thursday,7,10,23,25,8558.726402148104
79,79,Multiple carriers,Delhi,Cochin,515,1 stop,17073,3,3,Sunday,17,0,1,35,18266.439098665353
80,80,Vistara,Banglore,New Delhi,160,non-stop,5403,21,3,Thursday,7,0,9,40,5762.212512120785
81,81,Jet Airways,Kolkata,Banglore,1720,1 stop,10844,24,5,Friday,18,55,23,35,11176.257861747596
82,82,Air India,Banglore,Delhi,170,non-stop,5228,1,6,Saturday,21,5,23,55,5622.72135804442
83,83,Vistara,Banglore,Delhi,160,non-stop,4668,6,5,Monday,7,0,9,40,4698.991920367438
84,84,Jet Airways,Banglore,Delhi,175,non-stop,8016,21,6,Friday,15,15,18,10,6617.207537494369
85,85,Jet Airways,Delhi,Cochin,1760,2 stops,15129,9,5,Thursday,23,5,4,25,14842.543337789957
86,86,Jet Airways,Banglore,Delhi,165,non-stop,4544,1,4,Monday,6,0,8,45,6672.496945827937
87,87,Multiple carriers,Delhi,Cochin,630,1 stop,9627,9,5,Thursday,8,30,19,0,10117.498560352878
88,88,IndiGo,Delhi,Cochin,415,1 stop,8542,9,5,Thursday,18,35,1,30,7639.898419235996
89,89,IndiGo,Kolkata,Banglore,165,non-stop,4804,24,5,Friday,9,35,12,20,4662.864450056308
90,90,Jet Airways,Banglore,Delhi,175,non-stop,8016,3,6,Monday,15,15,18,10,6546.385823373759
91,91,Jet Airways,Kolkata,Banglore,1450,1 stop,12692,6,6,Thursday,9,35,9,45,11544.546664084051
92,92,Jet Airways,Delhi,Cochin,825,1 stop,10262,27,6,Thursday,22,50,12,35,11400.82090108851
93,93,Vistara,Kolkata,Banglore,1070,1 stop,12890,24,3,Sunday,17,0,10,50,11563.67624017182
94,94,Air India,Banglore,New Delhi,725,1 stop,10972,9,3,Saturday,11,50,23,55,10826.673007545907
95,95,Air India,Delhi,Cochin,1560,2 stops,11972,21,5,Tuesday,17,15,19,15,12081.334493003495
96,96,Jet Airways,Delhi,Cochin,455,1 stop,17234,3,3,Sunday,20,50,4,25,16013.268905851148
97,97,Jet Airways,Delhi,Cochin,1600,2 stops,8728,21,3,Thursday,16,10,18,50,10267.358404591527
98,98,Jet Airways,Banglore,New Delhi,740,1 stop,7832,21,3,Thursday,8,0,20,20,8479.547906390831
99,99,Jet Airways,Delhi,Cochin,600,2 stops,14237,6,6,Thursday,18,25,4,25,13131.247377479136
100,100,Jet Airways,Kolkata,Banglore,775,1 stop,13941,12,5,Sunday,21,10,10,5,11766.700801118814
101,101,Air India,Banglore,New Delhi,495,1 stop,13492,12,3,Tuesday,0,30,8,45,10557.94262114029
102,102,IndiGo,Kolkata,Banglore,160,non-stop,4462,21,3,Thursday,20,25,23,5,4814.334758889191
103,103,IndiGo,Banglore,New Delhi,170,non-stop,7303,24,3,Sunday,18,55,21,45,6433.508946169468
104,104,Jet Airways,Banglore,Delhi,180,non-stop,6144,12,5,Sunday,8,20,11,20,6540.572801994653
105,105,SpiceJet,Kolkata,Banglore,155,non-stop,3841,9,6,Sunday,6,55,9,30,4067.258659168634
106,106,IndiGo,Delhi,Cochin,195,non-stop,5406,21,6,Friday,21,5,0,20,5234.102925776906
107,107,Air India,Banglore,Delhi,165,non-stop,6961,27,6,Thursday,17,0,19,45,5947.195165297813
108,108,Jet Airways,Delhi,Cochin,1025,2 stops,13014,12,6,Wednesday,19,30,12,35,12740.244182640723
109,109,Multiple carriers,Delhi,Cochin,455,1 stop,10877,3,6,Monday,11,25,19,0,10863.309186611872
110,110,Vistara,Kolkata,Banglore,865,1 stop,9187,24,5,Friday,20,20,10,45,9115.972371995056
111,111,Jet Airways,Kolkata,Banglore,330,1 stop,14178,24,5,Friday,6,30,12,0,11305.089727830384
112,112,Jet Airways,Kolkata,Banglore,585,1 stop,8586,18,5,Saturday,18,55,4,40,11943.761177655435
113,113,IndiGo,Delhi,Cochin,415,1 stop,7503,24,5,Friday,18,35,1,30,7678.214919840211
114,114,IndiGo,Kolkata,Banglore,160,non-stop,4804,24,6,Monday,21,25,0,5,4454.449070255654
115,115,Multiple carriers,Delhi,Cochin,705,1 stop,9100,27,3,Wednesday,7,30,19,15,8618.910077293413
116,116,Jet Airways,Delhi,Cochin,660,1 stop,12373,18,5,Saturday,8,0,19,0,13779.592306717163
117,117,Jet Airways,Kolkata,Banglore,750,1 stop,14151,24,5,Friday,9,35,22,5,12856.795637657788
118,118,IndiGo,Kolkata,Banglore,155,non-stop,4462,18,3,Monday,15,20,17,55,4542.419335983893
119,119,Air India,Kolkata,Banglore,805,2 stops,14960,12,6,Wednesday,9,50,23,15,13116.894313519151
120,120,Air India,Kolkata,Banglore,150,non-stop,6245,9,6,Sunday,14,15,16,45,5560.364002107821
121,121,Jet Airways,Kolkata,Banglore,345,1 stop,14571,24,5,Friday,14,5,19,50,11680.972191477798
122,122,Jet Airways,Banglore,New Delhi,1280,1 stop,15025,6,3,Wednesday,14,5,11,25,15697.050727992035
123,123,Jet Airways,Delhi,Cochin,350,1 stop,15103,6,3,Wednesday,13,0,18,50,16044.778848466322
124,124,Jet Airways,Delhi,Cochin,395,1 stop,12898,21,5,Tuesday,21,50,4,25,14131.810249526228
125,125,Multiple carriers,Delhi,Cochin,615,1 stop,15898,27,5,Monday,9,0,19,15,11674.095592198297
126,126,Multiple carriers,Delhi,Cochin,390,1 stop,6795,15,6,Saturday,19,0,1,30,8331.366890055871
127,127,Vistara,Kolkata,Banglore,355,1 stop,8977,1,4,Monday,17,0,22,55,8553.310340194255
128,128,Jet Airways,Kolkata,Banglore,705,1 stop,14781,21,5,Tuesday,6,30,18,15,12489.002935030861
129,129,Air India,Delhi,Cochin,185,non-stop,6094,21,5,Tuesday,18,5,21,10,5981.509224934701
130,130,Air India,Mumbai,Hyderabad,80,non-stop,2575,24,3,Sunday,21,5,22,25,3111.4020798236534
131,131,Air India,Mumbai,Hyderabad,75,non-stop,5462,6,3,Wednesday,19,30,20,45,6566.616029692621
132,132,Air India,Kolkata,Banglore,525,2 stops,14214,9,5,Thursday,14,30,23,15,12107.325339489613
133,133,Jet Airways,Kolkata,Banglore,475,1 stop,14781,1,5,Wednesday,8,25,16,20,11675.159681209821
134,134,Jet Airways,Kolkata,Banglore,1400,1 stop,10844,6,6,Thursday,18,55,18,15,11829.775924410964
135,135,Multiple carriers,Delhi,Cochin,510,1 stop,6148,27,3,Wednesday,7,0,15,30,10028.838335202852
136,136,Air India,Kolkata,Banglore,1165,2 stops,14634,12,5,Sunday,10,0,5,25,12888.355505843067
137,137,Multiple carriers,Delhi,Cochin,480,1 stop,14067,21,5,Tuesday,13,0,21,0,10669.012612866858
138,138,SpiceJet,Kolkata,Banglore,150,non-stop,4911,21,4,Sunday,17,10,19,40,4506.68149520437
139,139,Jet Airways,Kolkata,Banglore,870,1 stop,12692,12,6,Wednesday,20,25,10,55,11258.47048682632
140,140,IndiGo,Banglore,New Delhi,295,1 stop,9694,1,3,Friday,12,10,17,5,10814.70922398319
141,141,IndiGo,Delhi,Cochin,505,1 stop,7318,21,3,Thursday,17,10,1,35,8312.038575515247
142,142,IndiGo,Delhi,Cochin,275,1 stop,5054,21,5,Tuesday,7,35,12,10,5309.668308151149
143,143,Air India,Mumbai,Hyderabad,795,2 stops,9977,12,3,Tuesday,1,35,14,50,14082.045213040237
144,144,IndiGo,Delhi,Cochin,355,1 stop,6755,9,3,Saturday,7,45,13,40,10399.78579413834
145,145,Air India,Banglore,Delhi,165,non-stop,6961,24,6,Monday,10,0,12,45,5819.955951541408
146,146,Air India,Mumbai,Hyderabad,80,non-stop,3100,1,4,Monday,6,20,7,40,3931.1370285523
147,147,Jet Airways,Banglore,Delhi,185,non-stop,7229,9,6,Sunday,18,55,22,0,6996.007050158138
148,148,Air India,Delhi,Cochin,2240,2 stops,14483,9,3,Saturday,5,55,19,15,14035.056941178751
149,149,Jet Airways,Banglore,New Delhi,1365,1 stop,14815,6,3,Wednesday,8,55,7,40,15969.452612654384
150,150,Jet Airways,Kolkata,Banglore,665,1 stop,14939,9,6,Sunday,21,10,8,15,12058.030343180108
151,151,Jet Airways,Delhi,Cochin,560,2 stops,10368,15,6,Saturday,9,40,19,0,13292.631957649388
152,152,Jet Airways,Delhi,Cochin,440,2 stops,18804,6,6,Thursday,11,40,19,0,16496.910945528376
153,153,IndiGo,Delhi,Cochin,195,non-stop,6015,9,6,Sunday,21,5,0,20,5233.853018791737
154,154,IndiGo,Delhi,Cochin,480,1 stop,6104,9,6,Sunday,17,30,1,30,6875.176105216947
155,155,Jet Airways,Mumbai,Hyderabad,90,non-stop,3210,18,5,Saturday,19,35,21,5,4405.972699596628
156,156,Jet Airways,Kolkata,Banglore,395,1 stop,7341,9,5,Thursday,17,0,23,35,12534.82733459285
157,157,Air India,Delhi,Cochin,1275,2 stops,10441,9,5,Thursday,22,0,19,15,11257.724720001213
158,158,Jet Airways,Kolkata,Banglore,800,1 stop,12692,6,6,Thursday,20,25,9,45,11906.689031408496
159,159,SpiceJet,Banglore,New Delhi,170,non-stop,3873,24,3,Sunday,20,30,23,20,5315.152706306459
160,160,Air India,Banglore,New Delhi,1705,2 stops,11234,18,3,Monday,6,45,11,10,11382.261442931387
161,161,SpiceJet,Kolkata,Banglore,315,1 stop,4649,1,4,Monday,15,5,20,20,6121.257903759296
162,162,IndiGo,Banglore,Delhi,165,non-stop,3943,24,6,Monday,6,5,8,50,4256.773372837252
163,163,Multiple carriers,Delhi,Cochin,465,1 stop,7530,3,6,Monday,17,45,1,30,9956.946453844683
164,164,IndiGo,Kolkata,Banglore,315,1 stop,4775,15,4,Monday,15,15,20,30,5665.8386179465
165,165,Air Asia,Delhi,Cochin,870,1 stop,7452,18,5,Saturday,7,55,22,25,7029.465651048909
166,166,IndiGo,Delhi,Cochin,275,1 stop,5073,6,4,Saturday,7,35,12,10,5034.367828397149
167,167,SpiceJet,Kolkata,Banglore,520,1 stop,7189,12,6,Wednesday,8,35,17,15,7458.477093721177
168,168,Jet Airways,Kolkata,Banglore,1595,1 stop,10844,24,5,Friday,20,0,22,35,11370.500070451579
169,169,Jet Airways,Banglore,Delhi,180,non-stop,7754,21,6,Friday,19,50,22,50,7318.22843534478
170,170,Jet Airways,Kolkata,Banglore,910,1 stop,9663,12,5,Sunday,18,55,10,5,11937.737089654802
171,171,Jet Airways,Delhi,Cochin,900,2 stops,16704,18,5,Saturday,13,25,4,25,14164.540522925065
172,172,Air India,Banglore,New Delhi,865,1 stop,6824,21,3,Thursday,8,50,23,15,7071.313953449506
173,173,Air India,Delhi,Cochin,2295,2 stops,9443,12,6,Wednesday,5,0,19,15,10293.039775125599
174,174,Multiple carriers,Delhi,Cochin,730,1 stop,13378,21,3,Thursday,7,5,19,15,10200.924517515425
175,175,Jet Airways,Kolkata,Banglore,1550,1 stop,14571,6,6,Thursday,18,55,20,45,11318.548069939288
176,176,IndiGo,Kolkata,Banglore,155,non-stop,4804,27,6,Thursday,4,40,7,15,4499.217868600393
177,177,IndiGo,Chennai,Kolkata,140,non-stop,3597,12,6,Wednesday,13,15,15,35,4021.4661643366117
178,178,Jet Airways,Banglore,New Delhi,745,1 stop,13817,12,3,Tuesday,8,55,21,20,12008.64497928687
179,179,Jet Airways,Delhi,Cochin,1475,2 stops,19329,6,3,Wednesday,19,10,19,45,19003.825962663417
180,180,Air Asia,Kolkata,Banglore,155,non-stop,4384,18,3,Monday,10,20,12,55,4215.873717200732
181,181,GoAir,Banglore,Delhi,175,non-stop,3898,6,6,Thursday,7,45,10,40,4189.404619740273
182,182,Multiple carriers,Delhi,Cochin,455,1 stop,6953,27,3,Wednesday,11,40,19,15,8624.757206873655
183,183,Jet Airways,Delhi,Cochin,1775,2 stops,12819,27,6,Thursday,13,25,19,0,13201.500521073805
184,184,IndiGo,Delhi,Cochin,195,non-stop,5000,27,6,Thursday,5,35,8,50,5013.5931086972205
185,185,Jet Airways,Kolkata,Banglore,1325,1 stop,13067,6,5,Monday,17,0,15,5,11321.762760049713
186,186,Jet Airways,Delhi,Cochin,610,1 stop,14714,1,6,Saturday,18,15,4,25,11851.38828169668
187,187,Jet Airways,Delhi,Cochin,1620,1 stop,12898,27,5,Monday,16,0,19,0,13496.615649895828
188,188,Air India,Delhi,Cochin,1220,2 stops,10975,15,5,Wednesday,13,5,9,25,10961.51026894631
189,189,SpiceJet,Kolkata,Banglore,150,non-stop,3841,21,6,Friday,17,10,19,40,4044.078181425695
190,190,Multiple carriers,Delhi,Cochin,780,1 stop,11789,6,6,Thursday,6,0,19,0,11171.418281583345
191,191,IndiGo,Delhi,Cochin,750,1 stop,6093,24,6,Monday,8,30,21,0,6664.915833495652
192,192,IndiGo,Delhi,Cochin,885,1 stop,6558,21,3,Thursday,7,35,22,20,6664.869973567782
193,193,IndiGo,Delhi,Cochin,345,1 stop,5775,24,6,Monday,21,50,3,35,6825.891597539286
194,194,IndiGo,Mumbai,Hyderabad,90,non-stop,2754,12,6,Wednesday,1,40,3,10,3147.7615237334185
195,195,Air India,Delhi,Cochin,2185,2 stops,10756,21,3,Thursday,6,50,19,15,10105.58245464044
196,196,Jet Airways,Delhi,Cochin,1025,2 stops,10368,9,6,Sunday,19,30,12,35,12977.03514355903
197,197,IndiGo,Mumbai,Hyderabad,90,non-stop,5755,24,5,Friday,9,10,10,40,4188.958543182931
198,198,Jet Airways,Kolkata,Banglore,1025,1 stop,11134,24,3,Sunday,18,55,12,0,12839.473850788485
199,199,IndiGo,Delhi,Cochin,810,1 stop,12351,9,3,Saturday,7,30,21,0,11326.676694647867
200,200,IndiGo,Delhi,Cochin,195,non-stop,5000,21,6,Friday,5,35,8,50,5160.749649139911
201,201,Jet Airways,Kolkata,Banglore,585,1 stop,13941,6,5,Monday,18,55,4,40,11482.676490299193
202,202,IndiGo,Kolkata,Banglore,335,1 stop,4150,24,3,Sunday,4,15,9,50,8706.059176959134
203,203,Air Asia,Kolkata,Banglore,150,non-stop,4107,21,6,Friday,19,55,22,25,4661.681466766606
204,204,Multiple carriers,Delhi,Cochin,840,1 stop,15078,9,5,Thursday,11,30,1,30,11152.04084004784
205,205,Jet Airways,Delhi,Cochin,1595,1 stop,12373,18,5,Saturday,10,0,12,35,12133.896774127357
206,206,SpiceJet,Kolkata,Banglore,145,non-stop,3873,27,6,Thursday,9,0,11,25,3961.7115400306047
207,207,Multiple carriers,Delhi,Cochin,630,1 stop,11200,1,6,Saturday,8,30,19,0,11331.683944037859
208,208,IndiGo,Banglore,Delhi,170,non-stop,3749,27,5,Monday,22,10,1,0,3963.6183425208837
209,209,Jet Airways,Banglore,Delhi,165,non-stop,4544,6,4,Saturday,6,0,8,45,6333.73928005175
210,210,GoAir,Banglore,New Delhi,270,1 stop,12314,1,3,Friday,15,45,20,15,24034.00268709628
211,211,IndiGo,Mumbai,Hyderabad,90,non-stop,2227,18,5,Saturday,21,20,22,50,2560.045220863193
212,212,Air India,Kolkata,Banglore,1215,2 stops,12224,12,6,Wednesday,17,30,13,45,12355.887706444753
213,213,Air India,Banglore,New Delhi,1795,2 stops,14887,1,3,Friday,17,0,22,55,12636.396113058438
214,214,GoAir,Banglore,New Delhi,175,non-stop,11111,1,3,Friday,11,40,14,35,15522.802714602212
215,215,Jet Airways,Kolkata,Banglore,570,1 stop,14231,24,3,Sunday,13,55,23,25,11888.936491809727
216,216,Jet Airways,Kolkata,Banglore,840,1 stop,14151,24,5,Friday,9,35,23,35,12308.226487257936
217,217,Multiple carriers,Delhi,Cochin,480,1 stop,7408,12,6,Wednesday,13,0,21,0,11105.401552526884
218,218,Jet Airways,Kolkata,Banglore,735,1 stop,13941,18,5,Saturday,20,0,8,15,11733.10765758628
219,219,Jet Airways,Banglore,New Delhi,405,1 stop,19225,6,3,Wednesday,11,40,18,25,18191.115466014213
220,220,Jet Airways,Delhi,Cochin,1600,2 stops,13180,21,3,Thursday,16,10,18,50,10267.358404591527
221,221,Jet Airways,Delhi,Cochin,1225,1 stop,15974,6,3,Wednesday,8,0,4,25,15691.166732539697
222,222,Air India,Mumbai,Hyderabad,80,non-stop,3100,6,6,Thursday,6,20,7,40,3804.92258016475
223,223,Jet Airways,Delhi,Cochin,1300,2 stops,13376,15,6,Saturday,6,45,4,25,12721.677876677659
224,224,Jet Airways,Banglore,New Delhi,615,1 stop,7832,9,3,Saturday,21,25,7,40,13829.574521190181
225,225,Jet Airways,Delhi,Cochin,395,1 stop,15554,18,5,Saturday,21,50,4,25,13761.596038663318
226,226,Jet Airways,Delhi,Cochin,810,2 stops,13292,24,6,Monday,5,30,19,0,12670.684751941099
227,227,Jet Airways,Delhi,Cochin,660,1 stop,15554,18,5,Saturday,8,0,19,0,13779.592306717163
228,228,IndiGo,Delhi,Cochin,195,non-stop,6015,3,6,Monday,14,25,17,40,5143.972087566308
229,229,Jet Airways,Banglore,New Delhi,460,1 stop,27210,15,3,Friday,21,25,5,5,17770.963997876508
230,230,Jet Airways,Banglore,Delhi,165,non-stop,6478,27,6,Thursday,6,0,8,45,6732.181128597462
231,231,Multiple carriers,Delhi,Cochin,420,1 stop,13587,15,6,Saturday,14,0,21,0,11596.39137549404
232,232,Jet Airways,Delhi,Cochin,1425,1 stop,14714,1,6,Saturday,19,15,19,0,11845.947843105288
233,233,Jet Airways,Delhi,Cochin,330,1 stop,10262,6,6,Thursday,7,5,12,35,12096.583570281957
234,234,IndiGo,Banglore,New Delhi,170,non-stop,12649,3,3,Sunday,13,0,15,50,8101.459668980006
235,235,Multiple carriers,Delhi,Cochin,455,1 stop,8266,12,6,Wednesday,11,40,19,15,9363.894359293838
236,236,IndiGo,Banglore,Delhi,165,non-stop,4423,1,4,Monday,1,30,4,15,4289.638252917633
237,237,Jet Airways,Delhi,Cochin,1325,1 stop,15554,18,5,Saturday,20,55,19,0,13061.745557132412
238,238,IndiGo,Delhi,Cochin,300,1 stop,5073,3,4,Wednesday,16,0,21,0,5583.434073989094
239,239,Jet Airways,Kolkata,Banglore,750,1 stop,13994,9,6,Sunday,9,35,22,5,12950.998396304985
240,240,IndiGo,Kolkata,Banglore,265,1 stop,3809,24,5,Friday,19,20,23,45,4997.952439781258
241,241,Air India,Kolkata,Banglore,1700,1 stop,7662,6,6,Thursday,16,45,21,5,8370.469341701977
242,242,IndiGo,Delhi,Cochin,835,1 stop,6442,3,6,Monday,8,35,22,30,6489.984737926759
243,243,IndiGo,Chennai,Kolkata,140,non-stop,6297,9,3,Saturday,22,5,0,25,5676.722446677816
244,244,Multiple carriers,Delhi,Cochin,480,1 stop,18286,3,3,Sunday,13,0,21,0,16356.70946359207
245,245,IndiGo,Banglore,Delhi,175,non-stop,4823,12,6,Wednesday,7,10,10,5,4446.920002855103
246,246,Jet Airways,Kolkata,Banglore,1450,1 stop,10953,6,5,Monday,9,35,9,45,11438.313711640416
247,247,Air India,Kolkata,Banglore,1435,1 stop,10203,12,6,Wednesday,20,30,20,25,8699.412972044143
248,248,Jet Airways,Kolkata,Banglore,1450,1 stop,8066,6,5,Monday,9,35,9,45,11438.313711640416
249,249,Jet Airways,Delhi,Cochin,1320,1 stop,14053,9,3,Saturday,20,50,18,50,14725.796578835623
250,250,Air India,Kolkata,Banglore,805,2 stops,14960,6,6,Thursday,9,50,23,15,12981.65473480944
251,251,Air India,Kolkata,Banglore,1665,2 stops,16057,15,5,Wednesday,10,0,13,45,11491.10250085532
252,252,Jet Airways,Kolkata,Banglore,1075,1 stop,14151,9,6,Sunday,17,0,10,55,11935.931050206122
253,253,Jet Airways,Delhi,Cochin,1320,2 stops,10919,27,6,Thursday,14,35,12,35,12822.791056915328
254,254,Jet Airways,Kolkata,Banglore,1405,1 stop,14231,24,3,Sunday,16,55,16,20,12168.224563075953
255,255,IndiGo,Delhi,Cochin,750,1 stop,7318,21,5,Tuesday,8,30,21,0,6834.614667635506
256,256,Jet Airways,Banglore,New Delhi,280,1 stop,7280,21,3,Thursday,9,45,14,25,9002.596800297062
257,257,Jet Airways,Kolkata,Banglore,960,1 stop,13044,12,6,Wednesday,20,0,12,0,10731.524162885149
258,258,Jet Airways,Delhi,Cochin,600,1 stop,15554,9,5,Thursday,9,0,19,0,13191.667677118283
259,259,Jet Airways,Delhi,Cochin,335,1 stop,10262,6,6,Thursday,22,50,4,25,12899.719329469992
260,260,Jet Airways,Delhi,Cochin,1090,2 stops,14237,9,6,Sunday,18,25,12,35,12974.780084203208
261,261,SpiceJet,Banglore,Delhi,175,non-stop,3971,6,4,Saturday,21,10,0,5,3811.041703452426
262,262,Jet Airways,Banglore,Delhi,185,non-stop,7229,15,5,Wednesday,18,55,22,0,5994.559080218009
263,263,Air India,Delhi,Cochin,1180,2 stops,9548,24,6,Monday,12,0,7,40,10953.613667242895
264,264,IndiGo,Delhi,Cochin,665,1 stop,6171,15,4,Monday,5,5,16,10,6562.125379369989
265,265,IndiGo,Kolkata,Banglore,155,non-stop,4174,12,4,Friday,17,15,19,50,4593.172965017616
266,266,Jet Airways,Kolkata,Banglore,1630,1 stop,14151,24,5,Friday,20,25,23,35,11608.74149212172
267,267,Jet Airways,Delhi,Cochin,750,2 stops,11538,27,3,Wednesday,6,20,18,50,10148.585879574326
268,268,IndiGo,Mumbai,Hyderabad,90,non-stop,4049,15,6,Saturday,9,10,10,40,3724.41419763823
269,269,Jet Airways,Kolkata,Banglore,800,1 stop,14571,9,6,Sunday,6,30,19,50,12308.9270394136
270,270,SpiceJet,Delhi,Cochin,295,1 stop,5975,1,6,Saturday,17,55,22,50,6332.365985409246
271,271,Multiple carriers,Delhi,Cochin,665,1 stop,12537,27,3,Wednesday,9,55,21,0,8193.3295513693
272,272,Jet Airways,Delhi,Cochin,1375,2 stops,10909,9,4,Tuesday,5,30,4,25,11825.958523952819
273,273,Air India,Banglore,New Delhi,745,1 stop,11003,1,3,Friday,10,30,22,55,15470.096624411752
274,274,IndiGo,Delhi,Cochin,860,1 stop,6526,27,5,Monday,6,40,21,0,6658.75474413953
275,275,Air India,Kolkata,Banglore,625,1 stop,10203,6,6,Thursday,10,0,20,25,9481.05346177318
276,276,Multiple carriers,Delhi,Cochin,395,1 stop,15147,6,3,Wednesday,19,0,1,35,15138.960602194871
277,277,Jet Airways,Banglore,New Delhi,565,1 stop,13555,18,3,Monday,22,50,8,15,12299.154601142653
278,278,Jet Airways,Delhi,Cochin,1615,2 stops,13029,21,5,Tuesday,9,40,12,35,13494.042050867001
279,279,Air India,Banglore,New Delhi,330,1 stop,8714,15,3,Friday,6,45,12,15,8135.482367954737
280,280,Jet Airways,Kolkata,Banglore,575,1 stop,12384,18,5,Saturday,9,35,19,10,12607.93951289567
281,281,Multiple carriers,Delhi,Cochin,920,1 stop,7878,27,5,Monday,7,10,22,30,8056.86486751729
282,282,Air India,Delhi,Cochin,1410,2 stops,11491,15,5,Wednesday,19,45,19,15,11958.731962888223
283,283,Air India,Kolkata,Banglore,1200,2 stops,12219,1,4,Monday,9,25,5,25,11795.844094321152
284,284,Jet Airways,Kolkata,Banglore,590,1 stop,10844,6,6,Thursday,8,25,18,15,12314.001916102992
285,285,SpiceJet,Kolkata,Banglore,155,non-stop,4174,21,4,Sunday,6,55,9,30,4220.476778825349
286,286,Air India,Banglore,New Delhi,1645,1 stop,13439,1,3,Friday,5,50,9,15,15386.038159076981
287,287,Air India,Kolkata,Banglore,1210,2 stops,11642,12,5,Sunday,9,25,5,35,12855.238708529969
288,288,Jet Airways,Delhi,Cochin,1295,1 stop,12373,9,5,Thursday,15,0,12,35,11781.133611395859
289,289,IndiGo,Chennai,Kolkata,140,non-stop,3597,27,5,Monday,14,45,17,5,4360.4149879752495
290,290,Jet Airways,Banglore,New Delhi,740,1 stop,16736,6,3,Wednesday,8,0,20,20,16571.212920575377
291,291,Jet Airways,Kolkata,Banglore,1540,1 stop,13067,21,5,Tuesday,20,25,22,5,12705.574679263105
292,292,SpiceJet,Banglore,Delhi,170,non-stop,4885,27,4,Saturday,9,30,12,20,4383.703948773433
293,293,Multiple carriers,Delhi,Cochin,395,1 stop,12524,24,6,Monday,6,0,12,35,9816.268889120685
294,294,Air India,Delhi,Cochin,675,1 stop,7199,27,3,Wednesday,8,0,19,15,8039.048723747937
295,295,SpiceJet,Mumbai,Hyderabad,90,non-stop,1965,21,5,Tuesday,22,45,0,15,1983.3094239383781
296,296,IndiGo,Delhi,Cochin,975,1 stop,6573,9,4,Tuesday,9,15,1,30,6681.612788979019
297,297,Jet Airways,Kolkata,Banglore,365,1 stop,14781,15,5,Wednesday,16,30,22,35,12129.103975754393
298,298,Air India,Kolkata,Banglore,970,2 stops,14960,12,6,Wednesday,16,45,8,55,13179.197049540991
299,299,Jet Airways,Banglore,Delhi,165,non-stop,5198,6,5,Monday,6,0,8,45,6502.153672738849
300,300,Jet Airways,Delhi,Cochin,810,2 stops,10909,9,4,Tuesday,5,30,19,0,11378.329809723506
301,301,Jet Airways,Kolkata,Banglore,345,1 stop,8781,18,5,Saturday,11,50,17,35,11071.223417429115
302,302,Jet Airways,Mumbai,Hyderabad,405,1 stop,20120,12,3,Tuesday,9,50,16,35,12612.255113963949
303,303,IndiGo,Mumbai,Hyderabad,85,non-stop,3342,15,3,Friday,6,20,7,45,4386.119051801689
304,304,Jet Airways,Mumbai,Hyderabad,90,non-stop,2071,18,3,Monday,19,35,21,5,4388.704042653473
305,305,Air Asia,Kolkata,Banglore,150,non-stop,3782,15,3,Friday,22,50,1,20,4552.263472073834
306,306,Jet Airways,Banglore,New Delhi,725,1 stop,17261,6,3,Wednesday,21,25,9,30,16816.93358339837
307,307,IndiGo,Mumbai,Hyderabad,90,non-stop,2754,6,5,Monday,12,0,13,30,3350.643517315135
308,308,Jet Airways,Delhi,Cochin,1485,1 stop,12898,21,5,Tuesday,18,15,19,0,13176.461623711257
309,309,Jet Airways,Mumbai,Hyderabad,85,non-stop,8040,21,6,Friday,7,5,8,30,6127.7504249041285
310,310,Jet Airways,Delhi,Cochin,620,1 stop,14714,3,6,Monday,2,15,12,35,12387.011091391989
311,311,Multiple carriers,Delhi,Cochin,465,1 stop,15342,6,3,Wednesday,11,30,19,15,14812.321537500042
312,312,SpiceJet,Chennai,Kolkata,135,non-stop,3543,27,5,Monday,9,45,12,0,3521.9117179683144
313,313,Jet Airways,Delhi,Cochin,865,1 stop,12898,21,5,Tuesday,14,0,4,25,12250.961190592065
314,314,Jet Airways,Delhi,Cochin,360,1 stop,10262,1,6,Saturday,13,0,19,0,12669.989008214669
315,315,IndiGo,Kolkata,Banglore,160,non-stop,4148,21,3,Thursday,21,25,0,5,4844.9408266633445
316,316,Jet Airways,Mumbai,Hyderabad,80,non-stop,2759,21,3,Thursday,3,5,4,25,5372.728779140272
317,317,Multiple carriers,Delhi,Cochin,385,1 stop,9646,9,6,Sunday,9,45,16,10,9389.888328166713
318,318,Multiple carriers,Delhi,Cochin,585,1 stop,11622,9,6,Sunday,9,15,19,0,10624.76924905549
319,319,IndiGo,Delhi,Cochin,485,1 stop,14871,6,3,Wednesday,17,30,1,35,14054.957358940059
320,320,Jet Airways,Mumbai,Hyderabad,90,non-stop,2470,24,3,Sunday,19,35,21,5,4638.389445561392
321,321,Multiple carriers,Delhi,Cochin,930,1 stop,7198,1,6,Saturday,10,0,1,30,10947.268014518639
322,322,Vistara,Kolkata,Banglore,765,1 stop,8452,1,5,Wednesday,20,20,9,5,8845.98725422672
323,323,Jet Airways,Banglore,New Delhi,580,1 stop,27992,1,3,Friday,11,40,21,20,27193.428647735473
324,324,Jet Airways,Kolkata,Banglore,800,1 stop,11841,9,6,Sunday,20,0,9,20,12025.79059106955
325,325,Jet Airways,Delhi,Cochin,925,1 stop,13843,6,3,Wednesday,13,0,4,25,15751.475142651467
326,326,Jet Airways,Banglore,New Delhi,1235,1 stop,16736,6,3,Wednesday,11,40,8,15,16038.508358781924
327,327,Air India,Banglore,New Delhi,630,2 stops,7664,21,3,Thursday,5,50,16,20,9853.602741890523
328,328,IndiGo,Delhi,Cochin,195,non-stop,5601,9,6,Sunday,5,35,8,50,5177.096329901116
329,329,GoAir,Banglore,Delhi,175,non-stop,4239,3,4,Wednesday,7,45,10,40,4212.459300077973
330,330,IndiGo,Delhi,Cochin,975,1 stop,10518,9,3,Saturday,4,45,21,0,10395.993976031728
331,331,Jet Airways,Delhi,Cochin,1300,2 stops,10919,15,6,Saturday,6,45,4,25,12721.677876677659
332,332,Air India,Delhi,Cochin,180,non-stop,5201,24,6,Monday,14,10,17,10,5963.395098951418
333,333,IndiGo,Mumbai,Hyderabad,90,non-stop,4575,15,5,Wednesday,9,10,10,40,3723.3623619300315
334,334,Jet Airways,Delhi,Cochin,1485,1 stop,10577,9,6,Sunday,18,15,19,0,12042.89605267748
335,335,Jet Airways,Kolkata,Banglore,960,1 stop,14571,6,6,Thursday,20,0,12,0,11578.793722808248
336,336,IndiGo,Delhi,Cochin,425,1 stop,6287,21,3,Thursday,4,55,12,0,6912.051823579027
337,337,Jet Airways,Kolkata,Banglore,590,1 stop,14781,6,5,Monday,6,30,16,20,11998.467048167084
338,338,Jet Airways,Delhi,Cochin,550,1 stop,10262,3,6,Monday,19,15,4,25,12065.07557297295
339,339,Air India,Banglore,Delhi,165,non-stop,7171,21,6,Friday,17,0,19,45,6000.228817548999
340,340,Multiple carriers,Delhi,Cochin,780,1 stop,13587,1,6,Saturday,8,0,21,0,11298.936945621681
341,341,Multiple carriers,Delhi,Cochin,910,1 stop,6795,1,6,Saturday,10,20,1,30,9494.504252887218
342,342,SpiceJet,Kolkata,Banglore,140,non-stop,3873,9,5,Thursday,22,20,0,40,3750.4858690130104
343,343,IndiGo,Mumbai,Hyderabad,90,non-stop,2754,12,6,Wednesday,19,5,20,35,2673.597241228833
344,344,Air India,Delhi,Cochin,735,1 stop,9929,27,5,Monday,7,0,19,15,9440.110992404821
345,345,Jet Airways,Kolkata,Banglore,735,1 stop,10844,6,6,Thursday,20,0,8,15,11882.866986212855
346,346,Air Asia,Kolkata,Banglore,150,non-stop,4409,1,6,Saturday,22,50,1,20,4813.009604838561
347,347,IndiGo,Delhi,Cochin,275,1 stop,5054,9,6,Sunday,7,35,12,10,5454.779220996117
348,348,Jet Airways,Kolkata,Banglore,1630,1 stop,14151,18,5,Saturday,20,25,23,35,11672.487322316952
349,349,IndiGo,Banglore,Delhi,165,non-stop,4423,15,4,Monday,6,5,8,50,4435.9466878776675
350,350,Jet Airways,Mumbai,Hyderabad,85,non-stop,4050,15,6,Saturday,7,5,8,30,5908.6424743348
351,351,Jet Airways,Kolkata,Banglore,1520,1 stop,14151,15,5,Wednesday,9,35,10,55,11815.45630326617
352,352,IndiGo,Delhi,Cochin,425,1 stop,6171,9,3,Saturday,4,55,12,0,9063.899195996328
353,353,Jet Airways,Delhi,Cochin,520,1 stop,10262,24,6,Monday,19,45,4,25,11842.685816609264
354,354,IndiGo,Banglore,New Delhi,165,non-stop,4545,9,3,Saturday,1,30,4,15,5884.816376635901
355,355,Air Asia,Banglore,Delhi,165,non-stop,4483,12,4,Friday,11,10,13,55,4586.549343457048
356,356,SpiceJet,Kolkata,Banglore,145,non-stop,3841,15,6,Saturday,9,0,11,25,4020.1130705116266
357,357,Air India,Kolkata,Banglore,1415,2 stops,11222,21,5,Tuesday,8,20,7,55,12406.563246363294
358,358,Jet Airways,Kolkata,Banglore,1640,1 stop,8529,12,6,Wednesday,16,30,19,50,10908.087740263714
359,359,Multiple carriers,Delhi,Cochin,470,1 stop,15147,6,3,Wednesday,17,45,1,35,16142.640911142007
360,360,Jet Airways,Delhi,Cochin,1015,1 stop,14714,6,6,Thursday,11,30,4,25,11251.179021600496
361,361,Jet Airways,Kolkata,Banglore,855,1 stop,14781,15,5,Wednesday,6,30,20,45,11940.497313603842
362,362,Vistara,Kolkata,Banglore,1440,1 stop,8610,6,5,Monday,20,20,20,20,8750.372459672893
363,363,Air India,Kolkata,Banglore,1975,2 stops,11522,24,3,Sunday,5,40,14,35,12101.347446280492
364,364,Air India,Banglore,Delhi,170,non-stop,6121,21,4,Sunday,13,20,16,10,5869.542674975811
365,365,Jet Airways,Delhi,Cochin,335,1 stop,15554,9,5,Thursday,22,50,4,25,13562.048866739162
366,366,Air India,Kolkata,Banglore,725,2 stops,12324,21,5,Tuesday,8,20,20,25,11710.245725962399
367,367,Jet Airways,Banglore,New Delhi,845,1 stop,13817,12,3,Tuesday,8,55,23,0,12229.157975024635
368,368,Jet Airways,Banglore,Delhi,175,non-stop,7229,9,4,Tuesday,15,50,18,45,5940.594427891401
369,369,Jet Airways,Banglore,New Delhi,900,1 stop,7832,21,3,Thursday,8,0,23,0,8889.895453556983
370,370,IndiGo,Banglore,New Delhi,175,non-stop,10067,1,3,Friday,10,5,13,0,11954.777369680021
371,371,Air India,Banglore,New Delhi,1580,2 stops,19372,1,3,Friday,8,50,11,10,19464.138620005928
372,372,Vistara,Kolkata,Banglore,1065,1 stop,9187,1,5,Wednesday,17,0,10,45,8931.661482920283
373,373,Air Asia,Kolkata,Banglore,150,non-stop,3807,24,6,Monday,22,50,1,20,3922.5306186055495
374,374,Air India,Banglore,New Delhi,370,1 stop,11628,1,3,Friday,17,0,23,10,20288.976858571703
375,375,Jet Airways,Delhi,Cochin,1195,2 stops,12819,27,6,Thursday,23,5,19,0,13178.510432825566
376,376,Multiple carriers,Delhi,Cochin,755,1 stop,18260,9,3,Saturday,0,20,12,55,14984.882537515627
377,377,Air Asia,Kolkata,Banglore,150,non-stop,3807,27,6,Thursday,19,55,22,25,4361.570868633713
378,378,Jet Airways,Kolkata,Banglore,1210,1 stop,11134,24,3,Sunday,13,55,10,5,12769.341096786226
379,379,IndiGo,Chennai,Kolkata,140,non-stop,6297,9,3,Saturday,7,55,10,15,5901.2893223552055
380,380,IndiGo,Kolkata,Banglore,150,non-stop,5224,18,5,Saturday,14,25,16,55,4607.563643951882
381,381,Jet Airways,Delhi,Cochin,810,2 stops,13014,1,6,Saturday,5,30,19,0,11547.879413004062
382,382,IndiGo,Banglore,Delhi,175,non-stop,4591,27,4,Saturday,0,30,3,25,4128.123452841484
383,383,Jet Airways,Banglore,New Delhi,640,1 stop,31825,1,3,Friday,22,50,9,30,28639.09135676822
384,384,Jet Airways,Delhi,Cochin,330,1 stop,16079,1,6,Saturday,7,5,12,35,11916.290697817061
385,385,IndiGo,Banglore,New Delhi,310,1 stop,7280,9,3,Saturday,19,30,0,40,9365.090374142883
386,386,SpiceJet,Mumbai,Hyderabad,90,non-stop,1965,27,5,Monday,22,45,0,15,2125.253531132951
387,387,Jet Airways,Delhi,Cochin,335,1 stop,16079,27,6,Thursday,22,50,4,25,13431.781970500924
388,388,SpiceJet,Banglore,Delhi,160,non-stop,3573,18,5,Saturday,5,55,8,35,3841.8867301904866
389,389,SpiceJet,Banglore,New Delhi,170,non-stop,3925,24,3,Sunday,20,30,23,20,5315.152706306459
390,390,Jet Airways,Banglore,Delhi,165,non-stop,7229,24,5,Friday,6,0,8,45,6105.346689874156
391,391,Jet Airways,Kolkata,Banglore,1610,1 stop,9663,12,5,Sunday,6,30,9,20,11616.057958371824
392,392,IndiGo,Kolkata,Banglore,165,non-stop,4148,18,3,Monday,22,10,0,55,4754.180891529824
393,393,Multiple carriers,Delhi,Cochin,845,1 stop,11573,27,5,Monday,4,55,19,0,9764.249703441457
394,394,Vistara,Banglore,Delhi,170,non-stop,4668,15,5,Wednesday,11,30,14,20,4918.896202697768
395,395,IndiGo,Kolkata,Banglore,295,1 stop,11465,9,6,Sunday,9,20,14,15,6362.495659258562
396,396,IndiGo,Delhi,Cochin,765,2 stops,7682,6,3,Wednesday,8,35,21,20,8540.198298486564
397,397,IndiGo,Delhi,Cochin,345,1 stop,5775,12,6,Wednesday,21,50,3,35,6998.629082382201
398,398,Multiple carriers,Delhi,Cochin,600,1 stop,10197,21,5,Tuesday,9,0,19,0,11032.53242453182
399,399,SpiceJet,Banglore,Delhi,170,non-stop,3919,1,4,Monday,9,30,12,20,4151.748829986738
400,400,Jet Airways,Delhi,Cochin,1485,1 stop,16079,21,5,Tuesday,18,15,19,0,13176.461623711257
401,401,Jet Airways,Delhi,Cochin,600,1 stop,14714,3,6,Monday,9,0,19,0,12821.313058058815
402,402,IndiGo,Chennai,Kolkata,140,non-stop,5277,1,6,Saturday,22,5,0,25,4750.1679424427775
403,403,Vistara,Kolkata,Banglore,765,1 stop,7980,1,4,Monday,20,20,9,5,8110.23445429489
404,404,IndiGo,Delhi,Cochin,480,1 stop,6628,1,6,Saturday,17,30,1,30,7477.509013650252
405,405,Air India,Kolkata,Banglore,675,1 stop,7452,6,6,Thursday,9,50,21,5,8891.380008114667
406,406,Jet Airways,Kolkata,Banglore,735,1 stop,12681,1,4,Monday,20,0,8,15,10292.069842674968
407,407,Air India,Delhi,Cochin,1100,2 stops,13538,15,5,Wednesday,13,20,7,40,12083.495543338347
408,408,SpiceJet,Banglore,Delhi,175,non-stop,4319,9,5,Thursday,21,10,0,5,3807.5355428399935
409,409,IndiGo,Delhi,Cochin,320,1 stop,5298,27,3,Wednesday,6,40,12,0,5935.121625264226
410,410,Air Asia,Banglore,Delhi,165,non-stop,3383,21,5,Tuesday,11,10,13,55,4113.060973891346
411,411,Air India,Kolkata,Banglore,1320,2 stops,15107,21,5,Tuesday,14,30,12,30,12797.97689879097
412,412,Air India,Kolkata,Banglore,445,2 stops,5562,1,4,Monday,5,50,13,15,8449.342198210887
413,413,Jet Airways,Kolkata,Banglore,585,1 stop,9663,12,5,Sunday,18,55,4,40,12082.816803722115
414,414,Jet Airways,Delhi,Cochin,1320,2 stops,13376,1,6,Saturday,14,35,12,35,12326.675234617713
415,415,Jet Airways,Kolkata,Banglore,1080,1 stop,9314,1,5,Wednesday,20,25,14,25,11093.205190107074
416,416,SpiceJet,Mumbai,Hyderabad,85,non-stop,1759,21,3,Thursday,22,45,0,10,2306.6780857789145
417,417,IndiGo,Delhi,Cochin,940,1 stop,6674,6,6,Thursday,6,50,22,30,6660.814032828977
418,418,GoAir,Banglore,Delhi,165,non-stop,3419,3,6,Monday,20,55,23,40,4123.425124325822
419,419,Air Asia,Banglore,Delhi,170,non-stop,4483,3,5,Friday,23,55,2,45,5348.584588490228
420,420,Air India,Kolkata,Banglore,1560,2 stops,15187,24,3,Sunday,9,10,11,10,11016.448157069899
421,421,Air India,Mumbai,Hyderabad,90,non-stop,3100,27,6,Thursday,13,55,15,25,3375.392353842043
422,422,IndiGo,Chennai,Kolkata,145,non-stop,6297,9,3,Saturday,11,35,14,0,5912.032051114398
423,423,Jet Airways,Delhi,Cochin,1995,2 stops,20694,6,3,Wednesday,19,10,4,25,17949.89167689818
424,424,IndiGo,Kolkata,Banglore,160,non-stop,4778,9,3,Saturday,17,15,19,55,5185.050592987788
425,425,Air India,Kolkata,Banglore,155,non-stop,4145,6,5,Monday,20,45,23,20,4550.812901256207
426,426,SpiceJet,Kolkata,Banglore,145,non-stop,3873,21,6,Friday,9,0,11,25,4029.823201482536
427,427,IndiGo,Delhi,Cochin,645,1 stop,13611,6,3,Wednesday,4,45,15,30,12125.230022872209
428,428,Air India,Delhi,Cochin,675,1 stop,7199,21,3,Thursday,8,0,19,15,8608.273381520421
429,429,Jet Airways,Delhi,Cochin,440,2 stops,18804,1,6,Saturday,11,40,19,0,14637.25682554882
430,430,Air India,Delhi,Cochin,1395,1 stop,8372,27,5,Monday,20,0,19,15,8669.807178490564
431,431,GoAir,Delhi,Cochin,350,1 stop,5281,27,3,Wednesday,7,0,12,50,7511.054662138656
432,432,IndiGo,Mumbai,Hyderabad,90,non-stop,3175,6,3,Wednesday,2,30,4,0,5342.418275183238
433,433,IndiGo,Kolkata,Banglore,165,non-stop,4804,9,5,Thursday,9,35,12,20,4597.403110579485
434,434,IndiGo,Delhi,Cochin,320,1 stop,7060,1,6,Saturday,17,5,22,25,6775.702194294806
435,435,Jet Airways,Mumbai,Hyderabad,85,non-stop,9536,6,3,Wednesday,7,10,8,35,7452.523847402408
436,436,IndiGo,Kolkata,Banglore,155,non-stop,4804,15,5,Wednesday,15,30,18,5,4783.415772893254
437,437,SpiceJet,Kolkata,Banglore,145,non-stop,4174,21,5,Tuesday,9,0,11,25,3939.7376066588213
438,438,Jet Airways,Banglore,New Delhi,375,1 stop,19225,6,3,Wednesday,22,50,5,5,20570.629738923373
439,439,Jet Airways,Kolkata,Banglore,425,1 stop,14781,12,5,Sunday,16,30,23,35,12349.812198204178
440,440,Multiple carriers,Delhi,Cochin,735,1 stop,7740,6,6,Thursday,8,45,21,0,9231.813272705609
441,441,IndiGo,Banglore,Delhi,165,non-stop,3419,15,6,Saturday,1,30,4,15,3874.6290708769648
442,442,Jet Airways,Kolkata,Banglore,505,1 stop,13067,15,5,Wednesday,9,35,18,0,12324.838350874497
443,443,Jet Airways,Delhi,Cochin,1375,2 stops,13292,15,6,Saturday,5,30,4,25,12830.661348132977
444,444,Air India,Delhi,Cochin,1590,1 stop,8907,12,6,Wednesday,20,30,23,0,8225.738105861688
445,445,Jet Airways,Delhi,Cochin,540,1 stop,12373,9,5,Thursday,10,0,19,0,13063.494134746317
446,446,Jet Airways,Delhi,Cochin,810,2 stops,9483,9,4,Tuesday,23,5,12,35,12415.326954909067
447,447,Jet Airways,Banglore,New Delhi,390,1 stop,11297,12,3,Tuesday,5,50,12,20,12433.825009429853
448,448,IndiGo,Banglore,Delhi,175,non-stop,4823,6,4,Saturday,18,55,21,50,4573.291905570775
449,449,Jet Airways,Delhi,Cochin,300,1 stop,10262,24,6,Monday,14,0,19,0,12487.841675940554
450,450,Multiple carriers,Delhi,Cochin,390,1 stop,7198,12,6,Wednesday,19,0,1,30,8351.615164761075
451,451,Multiple carriers,Delhi,Cochin,755,1 stop,8614,15,6,Saturday,6,40,19,15,8860.752403543409
452,452,Jet Airways,Banglore,New Delhi,375,1 stop,12284,18,3,Monday,7,0,13,15,12112.94544938834
453,453,Vistara,Banglore,New Delhi,160,non-stop,5403,24,3,Sunday,7,0,9,40,5736.838609575025
454,454,IndiGo,Delhi,Cochin,185,non-stop,5895,15,3,Friday,14,30,17,35,5693.358483997166
455,455,Jet Airways,Kolkata,Banglore,585,1 stop,9663,21,5,Tuesday,18,55,4,40,12109.456180181023
456,456,Jet Airways,Kolkata,Banglore,365,1 stop,7064,1,4,Monday,16,30,22,35,11767.59322148677
457,457,Air India,Banglore,New Delhi,1475,1 stop,4943,21,3,Thursday,8,15,8,50,6824.145104912166
458,458,Jet Airways,Delhi,Cochin,885,1 stop,12373,9,5,Thursday,21,50,12,35,12080.432327734821
459,459,Jet Airways,Delhi,Cochin,1390,2 stops,15339,27,6,Thursday,13,25,12,35,13038.154518072452
460,460,Jet Airways,Delhi,Cochin,1760,2 stops,15129,24,5,Friday,23,5,4,25,14575.86444605971
461,461,Multiple carriers,Delhi,Cochin,780,1 stop,11264,27,5,Monday,6,0,19,0,10461.823527136163
462,462,GoAir,Delhi,Cochin,310,1 stop,10188,27,3,Wednesday,14,10,19,20,8534.75130026216
463,463,Jet Airways,Banglore,New Delhi,965,1 stop,25735,1,3,Friday,16,55,9,0,25698.058605129394
464,464,SpiceJet,Mumbai,Hyderabad,90,non-stop,1965,3,6,Monday,13,15,14,45,2433.307345946041
465,465,Multiple carriers,Delhi,Cochin,740,1 stop,9315,15,5,Wednesday,6,40,19,0,9709.643179974113
466,466,Jet Airways,Mumbai,Hyderabad,85,non-stop,8040,3,4,Wednesday,7,5,8,30,5580.794158408206
467,467,Jet Airways,Kolkata,Banglore,1640,1 stop,10844,12,5,Sunday,16,30,19,50,11614.149046080987
468,468,Air Asia,Kolkata,Banglore,955,1 stop,6810,6,6,Thursday,7,35,23,30,7175.266154152659
469,469,Jet Airways,Mumbai,Hyderabad,1430,1 stop,19595,6,3,Wednesday,17,0,16,50,17457.47884203811
470,470,Multiple carriers,Delhi,Cochin,515,1 stop,6673,27,3,Wednesday,17,0,1,35,9708.576641989886
471,471,SpiceJet,Delhi,Cochin,270,1 stop,6356,21,3,Thursday,8,45,13,15,5094.994182356856
472,472,Jet Airways,Delhi,Cochin,440,1 stop,13244,21,3,Thursday,11,30,18,50,10592.13804872976
473,473,IndiGo,Chennai,Kolkata,140,non-stop,3597,15,5,Wednesday,19,35,21,55,4044.1547745763155
474,474,Air India,Mumbai,Hyderabad,90,non-stop,3100,12,5,Sunday,13,55,15,25,3557.429848046987
475,475,IndiGo,Kolkata,Banglore,295,1 stop,11160,6,6,Thursday,9,20,14,15,6385.710819307336
476,476,IndiGo,Delhi,Cochin,195,non-stop,8626,12,5,Sunday,21,5,0,20,5341.13812458231
477,477,IndiGo,Delhi,Cochin,975,1 stop,7503,15,5,Wednesday,9,15,1,30,6951.902348940368
478,478,IndiGo,Banglore,Delhi,170,non-stop,4823,6,6,Thursday,20,0,22,50,4649.4242719311615
479,479,Vistara,Banglore,Delhi,170,non-stop,5403,1,4,Monday,11,30,14,20,4850.39922878749
480,480,Jet Airways,Banglore,New Delhi,1055,1 stop,7832,21,3,Thursday,14,5,7,40,8632.104189030144
481,481,Jet Airways,Kolkata,Banglore,855,1 stop,7064,1,4,Monday,6,30,20,45,9906.667124655318
482,482,Jet Airways,Delhi,Cochin,1320,2 stops,13376,27,6,Thursday,14,35,12,35,12822.791056915328
483,483,IndiGo,Delhi,Cochin,515,1 stop,6674,9,3,Saturday,7,35,16,10,9393.373939457057
484,484,SpiceJet,Kolkata,Banglore,155,non-stop,3873,9,4,Tuesday,6,55,9,30,3796.5666580482175
485,485,Jet Airways,Kolkata,Banglore,345,1 stop,13626,12,6,Wednesday,14,5,19,50,11864.022146000658
486,486,Air India,Kolkata,Banglore,1165,2 stops,13007,6,6,Thursday,10,0,5,25,12539.747584626142
487,487,Multiple carriers,Delhi,Cochin,470,1 stop,7354,3,6,Monday,11,25,19,15,10216.761806985514
488,488,Jet Airways,Delhi,Cochin,1145,1 stop,12373,9,5,Thursday,17,30,12,35,11923.63757889665
489,489,Jet Airways,Delhi,Cochin,1685,1 stop,15029,9,3,Saturday,0,20,4,25,14177.794068516414
490,490,Vistara,Banglore,New Delhi,160,non-stop,8290,9,3,Saturday,19,40,22,20,8394.303245929439
491,491,Multiple carriers,Delhi,Cochin,375,1 stop,14486,21,3,Thursday,7,5,13,20,10448.013412642904
492,492,Multiple carriers,Delhi,Cochin,915,1 stop,6717,21,3,Thursday,7,5,22,20,7481.947735374788
493,493,Jet Airways,Kolkata,Banglore,1295,1 stop,14151,18,5,Saturday,20,25,18,0,12222.798610612701
494,494,IndiGo,Delhi,Cochin,275,1 stop,6069,3,6,Monday,7,35,12,10,5410.776691955472
495,495,Jet Airways,Delhi,Cochin,450,1 stop,15554,9,5,Thursday,11,30,19,0,12567.328691403969
496,496,IndiGo,Chennai,Kolkata,165,non-stop,3850,18,5,Saturday,15,40,18,25,4327.508299532158
497,497,Jet Airways,Banglore,Delhi,165,non-stop,8016,6,6,Thursday,6,0,8,45,6815.029114928236
498,498,Jet Airways,Kolkata,Banglore,800,1 stop,14151,1,4,Monday,20,25,9,45,10210.511582242194
499,499,Jet Airways,Banglore,Delhi,180,non-stop,7229,1,5,Wednesday,7,10,10,10,6658.246908801781
500,500,IndiGo,Kolkata,Banglore,165,non-stop,6565,24,3,Sunday,17,15,20,0,5902.117675713839
501,501,Jet Airways,Kolkata,Banglore,800,1 stop,10703,9,5,Thursday,20,25,9,45,11848.518755558645
502,502,Multiple carriers,Delhi,Cochin,480,1 stop,7408,24,6,Monday,13,0,21,0,10795.387116307082
503,503,Air India,Banglore,New Delhi,1475,1 stop,6781,3,3,Sunday,8,15,8,50,10887.716897256638
504,504,Jet Airways,Delhi,Cochin,800,1 stop,15764,6,3,Wednesday,15,5,4,25,16013.487901636285
505,505,SpiceJet,Kolkata,Banglore,140,non-stop,3847,21,3,Thursday,22,20,0,40,4238.393138218939
506,506,Multiple carriers,Delhi,Cochin,510,1 stop,7198,24,6,Monday,17,0,1,30,9571.691419348099
507,507,IndiGo,Kolkata,Banglore,155,non-stop,4174,9,4,Tuesday,17,15,19,50,4321.287582604596
508,508,Multiple carriers,Delhi,Cochin,735,1 stop,7005,27,6,Thursday,8,45,21,0,8510.079667606018
509,509,Air India,Delhi,Cochin,925,1 stop,9929,15,6,Saturday,3,50,19,15,8770.711698120578
510,510,Jet Airways,Delhi,Cochin,540,1 stop,14714,1,6,Saturday,10,0,19,0,12479.562952515744
511,511,Vistara,Delhi,Cochin,190,non-stop,6216,27,5,Monday,14,40,17,50,5950.385942945188
512,512,Air India,Kolkata,Banglore,375,1 stop,11936,12,6,Wednesday,10,0,16,15,8987.903707231022
513,513,IndiGo,Delhi,Cochin,500,1 stop,6628,1,6,Saturday,17,10,1,30,7469.906873418891
514,514,SpiceJet,Banglore,New Delhi,175,non-stop,6205,9,3,Saturday,9,35,12,30,6719.03084339451
515,515,Jet Airways,Mumbai,Hyderabad,85,non-stop,5678,18,5,Saturday,2,55,4,20,4677.602405136301
516,516,Jet Airways,Kolkata,Banglore,1450,1 stop,14151,12,5,Sunday,9,35,9,45,12244.066045329917
517,517,Jet Airways,Kolkata,Banglore,1480,1 stop,14151,24,5,Friday,20,25,21,5,12446.375888045379
518,518,IndiGo,Mumbai,Hyderabad,90,non-stop,2754,27,6,Thursday,12,0,13,30,3196.415502652013
519,519,IndiGo,Mumbai,Hyderabad,90,non-stop,2754,18,3,Monday,2,30,4,0,3921.0460395350656
520,520,Jet Airways,Banglore,Delhi,175,non-stop,7229,12,5,Sunday,11,10,14,5,6468.1961354053365
521,521,GoAir,Banglore,Delhi,170,non-stop,3898,24,6,Monday,11,40,14,30,3901.7129601425268
522,522,SpiceJet,Kolkata,Banglore,330,1 stop,7646,1,4,Monday,15,55,21,25,7549.610994214518
523,523,Air India,Delhi,Cochin,765,1 stop,7480,1,6,Saturday,20,40,9,25,8207.607830892863
524,524,IndiGo,Delhi,Cochin,835,1 stop,6442,12,6,Wednesday,8,35,22,30,6291.2412862805995
525,525,Jet Airways,Delhi,Cochin,865,1 stop,10262,24,6,Monday,14,0,4,25,11277.95943455322
526,526,IndiGo,Kolkata,Banglore,300,1 stop,4176,12,5,Sunday,4,50,9,50,6568.898095526378
527,527,IndiGo,Delhi,Cochin,845,1 stop,5883,15,6,Saturday,11,25,1,30,6542.52514398229
528,528,Jet Airways,Kolkata,Banglore,665,1 stop,8849,1,4,Monday,21,10,8,15,10537.863642781143
529,529,IndiGo,Delhi,Cochin,635,1 stop,6442,24,6,Monday,11,55,22,30,6180.92768570734
530,530,Jet Airways,Delhi,Cochin,1165,1 stop,12898,27,5,Monday,9,0,4,25,12313.269190161385
531,531,Air India,Mumbai,Hyderabad,255,2 stops,17327,6,3,Wednesday,21,10,16,55,15007.4577731371
532,532,Air India,Delhi,Cochin,765,1 stop,7690,9,6,Sunday,20,40,9,25,7894.7212786229065
533,533,Jet Airways,Delhi,Cochin,1610,1 stop,16289,9,3,Saturday,16,0,18,50,14965.413790049253
534,534,Multiple carriers,Delhi,Cochin,730,1 stop,15135,3,3,Sunday,6,40,18,50,15862.679340305196
535,535,Air India,Banglore,Delhi,165,non-stop,6961,27,5,Monday,10,0,12,45,5762.209567948299
536,536,Air India,Banglore,New Delhi,655,2 stops,9586,9,3,Saturday,10,30,21,25,11827.58997624291
537,537,Jet Airways,Kolkata,Banglore,730,1 stop,10844,24,5,Friday,16,30,4,40,11864.712535189088
538,538,SpiceJet,Kolkata,Banglore,145,non-stop,3873,24,5,Friday,9,0,11,25,3981.1685023745376
539,539,IndiGo,Banglore,Delhi,170,non-stop,3943,15,6,Saturday,13,0,15,50,4425.68696430345
540,540,Multiple carriers,Delhi,Cochin,660,1 stop,10197,15,5,Wednesday,8,0,19,0,11051.063558126385
541,541,Air Asia,Kolkata,Banglore,150,non-stop,3807,6,4,Saturday,22,50,1,20,4023.775098157661
542,542,Jet Airways,Delhi,Cochin,1365,2 stops,11543,21,3,Thursday,5,40,4,25,10535.99887039567
543,543,IndiGo,Delhi,Cochin,500,1 stop,6979,15,5,Wednesday,17,10,1,30,7126.577760599884
544,544,Multiple carriers Premium economy,Delhi,Cochin,570,1 stop,11269,21,3,Thursday,6,0,15,30,10304.477896065036
545,545,Jet Airways,Banglore,New Delhi,850,1 stop,11087,12,3,Tuesday,20,35,10,45,12532.741256365805
546,546,Jet Airways,Kolkata,Banglore,1545,1 stop,13941,21,5,Tuesday,6,30,8,15,11470.341365853204
547,547,IndiGo,Banglore,New Delhi,170,non-stop,8855,15,3,Friday,22,20,1,10,6789.028212898877
548,548,Jet Airways,Delhi,Cochin,535,1 stop,12032,27,3,Wednesday,9,55,18,50,9566.205613014565
549,549,Air India,Kolkata,Banglore,150,non-stop,5510,24,6,Monday,14,15,16,45,5276.564399292556
550,550,Multiple carriers,Delhi,Cochin,855,2 stops,6653,21,3,Thursday,7,5,21,20,6584.556129070252
551,551,Multiple carriers,Delhi,Cochin,720,1 stop,13587,6,6,Thursday,9,0,21,0,11009.502291348932
552,552,Jet Airways,Kolkata,Banglore,1295,1 stop,11467,1,4,Monday,20,25,18,0,9900.121017413758
553,553,Vistara,Mumbai,Hyderabad,850,1 stop,12080,12,3,Tuesday,8,45,22,55,11435.096437922344
554,554,Jet Airways,Delhi,Cochin,1775,2 stops,15129,27,5,Monday,13,25,19,0,14435.257918295109
555,555,IndiGo,Kolkata,Banglore,155,non-stop,5224,9,6,Sunday,22,15,0,50,4829.887753392544
556,556,IndiGo,Banglore,Delhi,170,non-stop,4591,1,5,Wednesday,23,30,2,20,4493.213697749987
557,557,IndiGo,Delhi,Cochin,320,1 stop,5298,6,4,Saturday,6,50,12,10,5825.341158062778
558,558,IndiGo,Delhi,Cochin,345,1 stop,6386,3,6,Monday,2,0,7,45,6335.71683390213
559,559,Jet Airways,Banglore,New Delhi,890,1 stop,31825,1,3,Friday,20,35,11,25,25711.153431737162
560,560,Jet Airways,Delhi,Cochin,1530,1 stop,14714,1,6,Saturday,17,30,19,0,11736.737705206862
561,561,Air India,Banglore,New Delhi,1670,2 stops,12358,3,3,Sunday,6,45,10,35,13428.317515418257
562,562,IndiGo,Banglore,Delhi,170,non-stop,4823,1,6,Saturday,8,30,11,20,4463.0144567843145
563,563,IndiGo,Mumbai,Hyderabad,95,non-stop,2227,3,6,Monday,20,5,21,40,2669.974751377352
564,564,SpiceJet,Chennai,Kolkata,135,non-stop,3597,15,6,Saturday,8,20,10,35,3690.8943728540944
565,565,Multiple carriers,Delhi,Cochin,535,1 stop,8266,12,6,Wednesday,10,20,19,15,9464.773812288144
566,566,IndiGo,Kolkata,Banglore,155,non-stop,4804,24,4,Wednesday,22,15,0,50,4624.5250303823805
567,567,Multiple carriers,Delhi,Cochin,385,1 stop,8266,21,5,Tuesday,12,50,19,15,8658.42898561122
568,568,SpiceJet,Banglore,Delhi,160,non-stop,3257,27,5,Monday,5,55,8,35,3673.6115160884747
569,569,Jet Airways,Delhi,Cochin,1365,2 stops,14861,9,3,Saturday,5,40,4,25,16094.125379777233
570,570,Multiple carriers,Delhi,Cochin,660,1 stop,7408,27,6,Thursday,10,0,21,0,10639.997424072135
571,571,Jet Airways,Kolkata,Banglore,890,1 stop,14388,12,5,Sunday,21,10,12,0,11540.709611607814
572,572,Jet Airways,Delhi,Cochin,195,non-stop,9564,12,6,Wednesday,11,0,14,15,7553.322843864925
573,573,Jet Airways,Delhi,Cochin,195,non-stop,9564,15,6,Saturday,11,0,14,15,7598.169831506839
574,574,Jet Airways,Delhi,Cochin,910,2 stops,11507,9,5,Thursday,21,25,12,35,13760.061070162395
575,575,IndiGo,Banglore,New Delhi,300,1 stop,22153,1,3,Friday,19,35,0,35,12527.607474704422
576,576,IndiGo,Banglore,Delhi,170,non-stop,4423,18,5,Saturday,13,0,15,50,4495.0426604169925
577,577,Vistara,Banglore,New Delhi,160,non-stop,4878,24,3,Sunday,7,0,9,40,5736.838609575025
578,578,Jet Airways,Banglore,Delhi,175,non-stop,7229,12,4,Friday,15,15,18,10,6261.490869429113
579,579,Jet Airways,Delhi,Cochin,600,2 stops,14237,15,6,Saturday,18,25,4,25,13172.316570028564
580,580,Multiple carriers,Delhi,Cochin,620,1 stop,7695,21,3,Thursday,15,15,1,35,10032.844295069299
581,581,IndiGo,Kolkata,Banglore,155,non-stop,4148,27,3,Wednesday,15,10,17,45,4661.342970168506
582,582,SpiceJet,Banglore,Delhi,160,non-stop,3971,3,4,Wednesday,5,55,8,35,3877.3570128351093
583,583,Jet Airways,Kolkata,Banglore,510,1 stop,10844,21,5,Tuesday,14,5,22,35,12879.811138940397
584,584,IndiGo,Banglore,Delhi,165,non-stop,3419,27,6,Thursday,1,30,4,15,3826.0555879679596
585,585,IndiGo,Kolkata,Banglore,155,non-stop,4804,21,4,Sunday,4,40,7,15,4814.804107487773
586,586,IndiGo,Banglore,New Delhi,165,non-stop,4238,24,3,Sunday,0,40,3,25,5125.7002727340405
587,587,Air India,Mumbai,Hyderabad,1840,2 stops,13253,6,3,Wednesday,12,45,19,25,16332.529714895762
588,588,Jet Airways,Kolkata,Banglore,800,1 stop,13941,12,5,Sunday,6,30,19,50,12237.89102968124
589,589,Air India,Delhi,Cochin,1820,2 stops,21571,3,3,Sunday,12,55,19,15,15116.094075232664
590,590,Air India,Delhi,Cochin,1580,2 stops,13591,9,5,Thursday,16,55,19,15,12075.15825598108
591,591,IndiGo,Delhi,Cochin,835,1 stop,7144,18,5,Saturday,8,35,22,30,6481.173526880539
592,592,Multiple carriers,Delhi,Cochin,390,1 stop,6795,12,6,Wednesday,19,0,1,30,8351.615164761075
593,593,SpiceJet,Chennai,Kolkata,155,non-stop,3859,24,3,Sunday,9,30,12,5,4110.212034162853
594,594,IndiGo,Kolkata,Banglore,150,non-stop,4804,12,5,Sunday,15,15,17,45,4733.891531690198
595,595,Jet Airways,Kolkata,Banglore,590,1 stop,13339,24,3,Sunday,6,30,16,20,11822.079496507367
596,596,IndiGo,Delhi,Cochin,630,1 stop,6316,9,6,Sunday,15,0,1,30,7069.237371087831
597,597,Air India,Kolkata,Banglore,245,1 stop,8996,24,5,Friday,9,10,13,15,6235.122564344285
598,598,Jet Airways,Kolkata,Banglore,750,1 stop,10844,18,5,Saturday,5,45,18,15,12437.999260896431
599,599,IndiGo,Kolkata,Banglore,150,non-stop,5224,9,6,Sunday,15,15,17,45,4731.028909581083
600,600,Jet Airways,Delhi,Cochin,1320,1 stop,16289,9,3,Saturday,20,50,18,50,14725.796578835623
601,601,Multiple carriers,Delhi,Cochin,535,1 stop,8266,6,6,Thursday,10,20,19,15,9652.105013281194
602,602,IndiGo,Delhi,Cochin,185,non-stop,7673,6,3,Wednesday,14,30,17,35,7056.489520541059
603,603,SpiceJet,Banglore,Delhi,170,non-stop,3971,6,5,Monday,9,30,12,20,4173.3306435817485
604,604,IndiGo,Banglore,Delhi,170,non-stop,5740,12,5,Sunday,8,30,11,20,4627.756917851236
605,605,SpiceJet,Mumbai,Hyderabad,90,non-stop,1965,15,6,Saturday,13,15,14,45,2412.575242463892
606,606,Air India,Delhi,Cochin,180,non-stop,6094,9,6,Sunday,14,10,17,10,6343.723244515352
607,607,Vistara,Banglore,Delhi,170,non-stop,5403,3,4,Wednesday,11,30,14,20,4783.509441691195
608,608,Jet Airways,Delhi,Cochin,1060,2 stops,11093,21,3,Thursday,10,45,4,25,10243.884232404356
609,609,IndiGo,Kolkata,Banglore,330,1 stop,6111,1,5,Wednesday,7,10,12,40,7004.553363755476
610,610,Jet Airways,Banglore,Delhi,165,non-stop,7229,12,5,Sunday,6,0,8,45,6292.043442983728
611,611,Jet Airways,Kolkata,Banglore,1315,1 stop,9663,6,5,Monday,14,5,12,0,11276.459832458791
612,612,Air India,Mumbai,Hyderabad,90,non-stop,3625,1,5,Wednesday,13,55,15,25,3727.561150947434
613,613,IndiGo,Delhi,Cochin,895,1 stop,6979,6,5,Monday,10,35,1,30,7082.19026663162
614,614,SpiceJet,Kolkata,Banglore,150,non-stop,3815,21,3,Thursday,9,0,11,30,4146.315087905099
615,615,Vistara,Mumbai,Hyderabad,670,1 stop,12395,6,3,Wednesday,8,45,19,55,12984.895118419825
616,616,Jet Airways,Kolkata,Banglore,800,1 stop,14781,21,5,Tuesday,20,0,9,20,11878.364884424172
617,617,SpiceJet,Kolkata,Banglore,330,1 stop,7804,24,5,Friday,15,55,21,25,7762.502873812125
618,618,Multiple carriers,Delhi,Cochin,730,1 stop,11142,9,5,Thursday,7,5,19,15,10959.661560897968
619,619,Air India,Kolkata,Banglore,1170,2 stops,6117,15,5,Wednesday,9,10,4,40,11424.695107933498
620,620,Multiple carriers,Delhi,Cochin,395,1 stop,7845,27,3,Wednesday,8,55,15,30,9378.45746641158
621,621,Multiple carriers,Delhi,Cochin,720,1 stop,13587,15,6,Saturday,9,0,21,0,10798.351868039486
622,622,Air India,Delhi,Cochin,735,1 stop,8669,12,6,Wednesday,7,0,19,15,9382.649553205056
623,623,Multiple carriers,Delhi,Cochin,390,1 stop,6795,24,6,Monday,19,0,1,30,8091.536829353245
624,624,Multiple carriers,Delhi,Cochin,705,1 stop,7564,18,5,Saturday,7,30,19,15,9261.509959300512
625,625,Air India,Delhi,Cochin,735,1 stop,6377,27,3,Wednesday,7,0,19,15,8114.785462281709
626,626,Multiple carriers,Delhi,Cochin,465,1 stop,15898,27,5,Monday,11,30,19,15,10211.986847752407
627,627,SpiceJet,Banglore,Delhi,175,non-stop,3919,24,5,Friday,21,10,0,5,4000.110920041917
628,628,IndiGo,Banglore,Delhi,175,non-stop,4823,3,4,Wednesday,7,10,10,5,4365.988340138141
629,629,IndiGo,Banglore,Delhi,175,non-stop,4823,18,5,Saturday,18,25,21,20,4611.393260311628
630,630,Multiple carriers,Delhi,Cochin,630,1 stop,9526,15,6,Saturday,8,45,19,15,8913.597489572263
631,631,Jet Airways,Delhi,Cochin,810,2 stops,13292,6,6,Thursday,5,30,19,0,12262.98242032453
632,632,Air Asia,Delhi,Cochin,470,1 stop,8759,9,6,Sunday,7,55,15,45,8241.259039659471
633,633,Jet Airways,Kolkata,Banglore,570,1 stop,14781,9,5,Thursday,14,5,23,35,12408.79007827067
634,634,IndiGo,Delhi,Cochin,305,1 stop,9165,27,6,Thursday,23,30,4,35,7070.989519582504
635,635,IndiGo,Banglore,Delhi,170,non-stop,4823,18,6,Tuesday,20,0,22,50,4546.821595769946
636,636,Jet Airways,Banglore,Delhi,175,non-stop,8016,15,6,Saturday,11,10,14,5,6650.291037217001
637,637,Jet Airways,Delhi,Cochin,395,1 stop,16079,3,6,Monday,21,50,4,25,12852.767374875904
638,638,IndiGo,Delhi,Cochin,885,1 stop,7094,6,3,Wednesday,7,35,22,20,9871.275256243745
639,639,Multiple carriers,Delhi,Cochin,390,1 stop,7198,24,6,Monday,19,0,1,30,8091.536829353245
640,640,Jet Airways,Banglore,New Delhi,890,1 stop,31825,1,3,Friday,18,40,9,30,26027.015045607328
641,641,Jet Airways,Kolkata,Banglore,1055,1 stop,14781,15,5,Wednesday,16,30,10,5,11462.066855581712
642,642,IndiGo,Kolkata,Banglore,155,non-stop,4804,27,4,Saturday,15,30,18,5,4775.894423505825
643,643,Air India,Delhi,Cochin,570,1 stop,8907,27,5,Monday,13,30,23,0,8601.561532491856
644,644,Vistara,Banglore,Delhi,170,non-stop,4668,6,5,Monday,21,0,23,50,5038.528643272708
645,645,Jet Airways,Kolkata,Banglore,475,1 stop,9899,12,6,Wednesday,8,25,16,20,11696.742153280546
646,646,Multiple carriers Premium economy,Delhi,Cochin,395,1 stop,13369,21,3,Thursday,6,0,12,35,9559.027911697725
647,647,Air India,Mumbai,Hyderabad,1630,2 stops,13169,6,3,Wednesday,6,0,9,10,13643.236108657844
648,648,Jet Airways,Banglore,Delhi,180,non-stop,7229,27,4,Saturday,17,45,20,45,6085.30038179499
649,649,Jet Airways,Banglore,New Delhi,1235,1 stop,9134,15,3,Friday,11,40,8,15,10050.405575063314
650,650,Jet Airways,Delhi,Cochin,1570,1 stop,10262,1,6,Saturday,2,15,4,25,10487.55436180378
651,651,IndiGo,Banglore,Delhi,175,non-stop,3419,27,5,Monday,0,30,3,25,3950.7188832336187
652,652,Air India,Delhi,Cochin,965,1 stop,7690,18,5,Saturday,17,20,9,25,8133.264428229186
653,653,Vistara,Kolkata,Banglore,790,1 stop,8610,15,5,Wednesday,7,10,20,20,9141.932029087866
654,654,Jet Airways,Delhi,Cochin,1320,2 stops,13376,24,6,Monday,14,35,12,35,12819.048236359538
655,655,Jet Airways,Banglore,Delhi,165,non-stop,7229,15,5,Wednesday,6,0,8,45,6263.722590447258
656,656,Jet Airways,Delhi,Cochin,1145,1 stop,5406,1,4,Monday,17,30,12,35,8011.790238313557
657,657,Air India,Chennai,Kolkata,135,non-stop,4667,12,5,Sunday,11,40,13,55,4947.181187229598
658,658,Air India,Delhi,Cochin,1470,2 stops,12698,3,6,Monday,7,10,7,40,11565.405981710283
659,659,IndiGo,Delhi,Cochin,575,1 stop,6416,9,6,Sunday,11,25,21,0,6872.230025066423
660,660,IndiGo,Banglore,Delhi,170,non-stop,3943,27,5,Monday,13,0,15,50,4491.0845324341135
661,661,IndiGo,Delhi,Cochin,505,1 stop,5307,6,4,Saturday,4,55,13,20,6811.085731187107
662,662,Jet Airways,Kolkata,Banglore,735,1 stop,14571,6,6,Thursday,20,0,8,15,11882.866986212855
663,663,Air India,Delhi,Cochin,1215,1 stop,8582,24,5,Friday,23,0,19,15,8895.00432731929
664,664,Jet Airways,Delhi,Cochin,1010,1 stop,10262,24,6,Monday,19,45,12,35,11097.22779667698
665,665,Vistara,Kolkata,Banglore,1065,1 stop,8662,6,5,Monday,17,0,10,45,8867.776064048501
666,666,Jet Airways,Kolkata,Banglore,840,1 stop,12121,6,5,Monday,9,35,23,35,11983.986561563273
667,667,Multiple carriers,Delhi,Cochin,455,1 stop,8266,21,5,Tuesday,11,40,19,15,9287.754111218603
668,668,SpiceJet,Banglore,Delhi,175,non-stop,3573,1,6,Saturday,21,10,0,5,4151.04097409156
669,669,Air Asia,Kolkata,Banglore,150,non-stop,4409,15,5,Wednesday,19,55,22,25,4399.398240892583
670,670,Jet Airways,Delhi,Cochin,745,1 stop,6540,27,3,Wednesday,16,0,4,25,9655.111448931151
671,671,Jet Airways,Kolkata,Banglore,425,1 stop,13941,15,5,Wednesday,16,30,23,35,12070.772912175315
672,672,IndiGo,Delhi,Cochin,370,1 stop,11237,3,3,Sunday,16,10,22,20,10687.82273093155
673,673,Jet Airways,Banglore,New Delhi,805,1 stop,16736,6,3,Wednesday,5,45,19,10,16653.917228005987
674,674,IndiGo,Delhi,Cochin,195,non-stop,6834,15,5,Wednesday,21,5,0,20,5268.817078468494
675,675,Jet Airways,Mumbai,Hyderabad,90,non-stop,4050,18,5,Saturday,10,20,11,50,5907.0306394989075
676,676,SpiceJet,Chennai,Kolkata,135,non-stop,3859,24,6,Monday,9,45,12,0,3560.478222447946
677,677,Multiple carriers,Delhi,Cochin,850,2 stops,7731,6,3,Wednesday,7,10,21,20,10259.663465879168
678,678,Jet Airways,Kolkata,Banglore,450,1 stop,8586,9,6,Sunday,21,10,4,40,11836.845159492324
679,679,IndiGo,Banglore,New Delhi,295,1 stop,5397,15,3,Friday,16,55,21,50,7961.730753161724
680,680,Vistara,Kolkata,Banglore,1445,1 stop,11105,24,3,Sunday,20,20,20,25,11303.505522491107
681,681,Jet Airways,Banglore,New Delhi,365,1 stop,11087,18,3,Monday,16,55,23,0,14012.369958760739
682,682,Jet Airways,Banglore,Delhi,185,non-stop,7229,1,4,Monday,18,55,22,0,5905.606333710471
683,683,Air India,Kolkata,Banglore,150,non-stop,5170,15,3,Friday,14,15,16,45,5458.48311970599
684,684,Jet Airways,Kolkata,Banglore,910,1 stop,8586,1,5,Wednesday,18,55,10,5,11068.235548538283
685,685,Multiple carriers,Delhi,Cochin,545,1 stop,9646,1,6,Saturday,7,5,16,10,10360.457858773163
686,686,Jet Airways,Delhi,Cochin,1655,1 stop,10262,12,6,Wednesday,9,0,12,35,11134.430362407684
687,687,Jet Airways,Banglore,New Delhi,1420,1 stop,13502,3,3,Sunday,8,0,7,40,14449.151899916369
688,688,IndiGo,Chennai,Kolkata,145,non-stop,3858,24,6,Monday,11,35,14,0,4178.7875087081775
689,689,Jet Airways,Kolkata,Banglore,1495,1 stop,13759,24,3,Sunday,19,45,20,40,11455.129416383032
690,690,IndiGo,Kolkata,Banglore,220,1 stop,4226,1,5,Wednesday,19,35,23,15,5072.258500718349
691,691,Jet Airways,Delhi,Cochin,195,non-stop,9564,21,6,Friday,11,0,14,15,6819.183170392311
692,692,IndiGo,Kolkata,Banglore,155,non-stop,4804,3,6,Monday,9,35,12,10,4685.601970881253
693,693,Air India,Kolkata,Banglore,2115,3 stops,14221,24,3,Sunday,12,0,23,15,11822.439471427231
694,694,IndiGo,Delhi,Cochin,425,1 stop,6818,15,6,Saturday,5,5,12,10,7020.150211323646
695,695,SpiceJet,Kolkata,Banglore,140,non-stop,3841,9,6,Sunday,22,20,0,40,4068.062513202418
696,696,Jet Airways,Delhi,Cochin,195,non-stop,7202,9,6,Sunday,11,0,14,15,7766.2360879340995
697,697,IndiGo,Kolkata,Banglore,155,non-stop,4148,9,3,Saturday,15,20,17,55,5154.210595214037
698,698,IndiGo,Delhi,Cochin,340,1 stop,6027,21,5,Tuesday,15,10,20,50,6736.382318109558
699,699,Jet Airways,Delhi,Cochin,1185,1 stop,18253,3,3,Sunday,23,5,18,50,17240.050020048082
700,700,Jet Airways,Delhi,Cochin,590,1 stop,12032,27,3,Wednesday,9,0,18,50,10043.847439752539
701,701,SpiceJet,Chennai,Kolkata,140,non-stop,3543,3,6,Monday,17,45,20,5,4191.570355109403
702,702,Air Asia,Delhi,Cochin,625,1 stop,6451,27,6,Thursday,20,45,7,10,7246.012053297809
703,703,Jet Airways,Delhi,Cochin,535,2 stops,13014,1,6,Saturday,19,30,4,25,13095.946270469602
704,704,IndiGo,Banglore,New Delhi,175,non-stop,12649,1,3,Friday,21,20,0,15,11105.597262827858
705,705,Multiple carriers,Delhi,Cochin,485,2 stops,11560,9,3,Saturday,13,15,21,20,11351.888623816818
706,706,IndiGo,Banglore,Delhi,170,non-stop,4823,21,5,Tuesday,8,30,11,20,4506.279783197013
707,707,Jet Airways,Banglore,New Delhi,980,1 stop,13817,12,3,Tuesday,22,55,15,15,12075.960027573761
708,708,IndiGo,Kolkata,Banglore,155,non-stop,4804,24,6,Monday,4,40,7,15,4508.103318936835
709,709,Multiple carriers,Delhi,Cochin,665,1 stop,17057,3,3,Sunday,2,15,13,20,16040.420618830642
710,710,Jet Airways,Kolkata,Banglore,1055,1 stop,8586,1,5,Wednesday,16,30,10,5,11160.30289288016
711,711,Multiple carriers,Delhi,Cochin,900,1 stop,8055,27,3,Wednesday,6,0,21,0,8145.308264669386
712,712,IndiGo,Mumbai,Hyderabad,90,non-stop,5755,3,3,Sunday,9,10,10,40,6076.71600487011
713,713,Jet Airways,Kolkata,Banglore,750,1 stop,14151,6,6,Thursday,9,35,22,5,12580.132079267838
714,714,Vistara,Delhi,Cochin,175,non-stop,6688,15,3,Friday,14,55,17,50,6309.437821687433
715,715,Jet Airways,Delhi,Cochin,590,1 stop,5963,27,3,Wednesday,9,0,18,50,10043.847439752539
716,716,Jet Airways,Kolkata,Banglore,800,1 stop,8586,24,5,Friday,18,55,8,15,11921.659785611402
717,717,Jet Airways,Kolkata,Banglore,945,1 stop,8586,18,5,Saturday,16,30,8,15,11607.88641284836
718,718,Air India,Kolkata,Banglore,555,1 stop,11936,15,5,Wednesday,7,0,16,15,9233.66787271201
719,719,Jet Airways,Banglore,Delhi,180,non-stop,7229,1,6,Saturday,17,45,20,45,6939.580554146956
720,720,SpiceJet,Banglore,Delhi,170,non-stop,3625,24,5,Friday,9,30,12,20,4146.495952521528
721,721,IndiGo,Banglore,Delhi,170,non-stop,3943,12,6,Wednesday,23,30,2,20,4301.007160750567
722,722,Air India,Delhi,Cochin,1010,1 stop,7174,9,5,Thursday,6,10,23,0,8139.649612074967
723,723,SpiceJet,Delhi,Cochin,315,1 stop,5583,3,6,Monday,6,5,11,20,6485.092344455541
724,724,Jet Airways,Delhi,Cochin,1465,2 stops,11869,21,3,Thursday,18,25,18,50,10452.63147459317
725,725,Vistara,Banglore,Delhi,160,non-stop,4668,24,5,Friday,7,0,9,40,4851.291664354998
726,726,IndiGo,Delhi,Cochin,350,1 stop,13628,6,3,Wednesday,7,30,13,20,11084.598670029043
727,727,Jet Airways,Kolkata,Banglore,1405,1 stop,11134,24,3,Sunday,16,55,16,20,12168.224563075953
728,728,SpiceJet,Banglore,Delhi,170,non-stop,4991,27,4,Saturday,9,30,12,20,4383.703948773433
729,729,IndiGo,Kolkata,Banglore,150,non-stop,4804,6,5,Monday,15,15,17,45,4463.867080547844
730,730,Air India,Delhi,Cochin,1820,2 stops,12436,9,6,Sunday,12,55,19,15,12159.012154723423
731,731,Jet Airways,Delhi,Cochin,1010,1 stop,12898,21,5,Tuesday,19,45,12,35,11973.132850752707
732,732,Jet Airways,Kolkata,Banglore,870,1 stop,8066,9,5,Thursday,20,25,10,55,11714.772914916077
733,733,Jet Airways,Delhi,Cochin,1620,2 stops,12609,24,6,Monday,9,35,12,35,12819.078220323987
734,734,SpiceJet,Mumbai,Hyderabad,90,non-stop,1965,27,6,Thursday,22,45,0,15,2157.6218923733686
735,735,Air India,Delhi,Cochin,570,1 stop,8907,24,6,Monday,13,30,23,0,8596.481076168662
736,736,Multiple carriers,Delhi,Cochin,795,1 stop,8266,15,5,Wednesday,6,0,19,15,10599.276220463922
737,737,Jet Airways,Delhi,Cochin,330,1 stop,10262,9,6,Sunday,7,5,12,35,12502.353890881459
738,738,IndiGo,Chennai,Kolkata,140,non-stop,3597,27,6,Thursday,19,35,21,55,4023.482640637293
739,739,Jet Airways,Delhi,Cochin,360,1 stop,14714,9,6,Sunday,13,0,19,0,12793.601062683305
740,740,Multiple carriers,Delhi,Cochin,615,1 stop,15373,1,5,Wednesday,9,0,19,15,12599.714236554499
741,741,Multiple carriers,Delhi,Cochin,860,1 stop,7155,24,6,Monday,4,55,19,15,8579.647956977002
742,742,Jet Airways,Banglore,New Delhi,780,1 stop,7832,21,3,Thursday,18,40,7,40,9042.524284154997
743,743,IndiGo,Delhi,Cochin,965,1 stop,6162,24,4,Wednesday,4,55,21,0,6711.068558562481
744,744,Jet Airways,Banglore,New Delhi,1135,1 stop,17261,6,3,Wednesday,14,5,9,0,15360.516452326676
745,745,Vistara,Delhi,Cochin,190,non-stop,6216,3,6,Monday,14,40,17,50,6093.87303467371
746,746,Air India,Delhi,Cochin,1580,2 stops,10975,15,6,Saturday,7,5,9,25,10841.918206990442
747,747,IndiGo,Delhi,Cochin,625,1 stop,7503,18,5,Saturday,10,35,21,0,6758.188120413162
748,748,Jet Airways,Kolkata,Banglore,1655,1 stop,8586,6,5,Monday,6,30,10,5,11074.385627750187
749,749,Multiple carriers,Delhi,Cochin,535,1 stop,8266,21,5,Tuesday,10,20,19,15,9253.291895448736
750,750,Vistara Premium economy,Chennai,Kolkata,135,non-stop,9125,1,3,Friday,7,5,9,20,10188.365585758438
751,751,Multiple carriers,Delhi,Cochin,840,1 stop,7408,12,6,Wednesday,7,0,21,0,9996.893541822674
752,752,Air India,Kolkata,Banglore,965,1 stop,6327,9,6,Sunday,19,0,11,5,7624.735990660259
753,753,Jet Airways,Kolkata,Banglore,520,1 stop,9663,6,5,Monday,20,0,4,40,11719.415928696877
754,754,Jet Airways,Delhi,Cochin,440,2 stops,15812,9,6,Sunday,11,40,19,0,16811.87461453134
755,755,Jet Airways,Banglore,Delhi,180,non-stop,4544,15,4,Monday,17,45,20,45,6244.532926014338
756,756,Air Asia,Kolkata,Banglore,150,non-stop,4409,18,5,Saturday,22,50,1,20,3941.6700748545836
757,757,IndiGo,Banglore,Delhi,175,non-stop,4823,6,6,Thursday,7,10,10,5,4445.865449155478
758,758,IndiGo,Banglore,Delhi,175,non-stop,3419,15,5,Wednesday,0,30,3,25,4025.4121138968976
759,759,IndiGo,Banglore,Delhi,170,non-stop,4591,21,4,Sunday,10,10,13,0,4810.9779898856905
760,760,IndiGo,Chennai,Kolkata,140,non-stop,3597,15,6,Saturday,14,45,17,5,4436.235728577065
761,761,Multiple carriers,Delhi,Cochin,535,1 stop,15353,6,3,Wednesday,10,20,19,15,14107.09748923437
762,762,IndiGo,Banglore,New Delhi,175,non-stop,6144,9,3,Saturday,20,0,22,55,7191.593309672474
763,763,IndiGo,Kolkata,Banglore,155,non-stop,5198,27,3,Wednesday,15,20,17,55,4635.530089108387
764,764,Jet Airways,Banglore,Delhi,185,non-stop,7229,1,5,Wednesday,18,55,22,0,6114.992763331205
765,765,Air India,Delhi,Cochin,1535,1 stop,6587,27,6,Thursday,5,15,6,50,7679.465759061257
766,766,Vistara,Kolkata,Banglore,1065,1 stop,9187,21,5,Tuesday,17,0,10,45,9280.236172293653
767,767,Vistara,Kolkata,Banglore,975,1 stop,9345,18,5,Saturday,7,10,23,25,8818.703152973849
768,768,IndiGo,Kolkata,Banglore,330,1 stop,4864,15,5,Wednesday,7,10,12,40,6548.115810306483
769,769,Jet Airways,Delhi,Cochin,300,1 stop,14714,1,6,Saturday,14,0,19,0,11118.559615729604
770,770,Air India,Delhi,Cochin,2280,3 stops,10703,6,6,Thursday,5,15,19,15,11095.303422583229
771,771,SpiceJet,Kolkata,Banglore,140,non-stop,3873,27,6,Thursday,22,20,0,40,3812.541909349671
772,772,Air India,Delhi,Cochin,1640,1 stop,7480,21,5,Tuesday,6,5,9,25,8038.8833350224995
773,773,Vistara,Kolkata,Banglore,1645,1 stop,12102,24,3,Sunday,17,0,20,25,11479.016065646547
774,774,Air India,Kolkata,Banglore,1350,1 stop,8366,9,6,Sunday,9,25,7,55,8415.350397087966
775,775,Multiple carriers,Delhi,Cochin,810,1 stop,7740,24,6,Monday,7,30,21,0,9469.529982029328
776,776,IndiGo,Delhi,Cochin,375,1 stop,6442,21,5,Tuesday,11,55,18,10,6807.274917268589
777,777,Air India,Delhi,Cochin,180,non-stop,6934,3,6,Monday,14,10,17,10,6203.441848359038
778,778,Jet Airways,Delhi,Cochin,450,1 stop,14714,27,6,Thursday,11,30,19,0,12838.563317236085
779,779,Jet Airways,Kolkata,Banglore,685,1 stop,13626,12,6,Wednesday,8,25,19,50,11734.582593361467
780,780,SpiceJet,Chennai,Kolkata,135,non-stop,3543,3,5,Friday,8,20,10,35,3737.049348783964
781,781,Multiple carriers,Delhi,Cochin,830,1 stop,6795,15,6,Saturday,11,40,1,30,8771.385854140615
782,782,Jet Airways,Kolkata,Banglore,1610,1 stop,13759,24,3,Sunday,19,45,22,35,11456.904526102397
783,783,Jet Airways,Delhi,Cochin,1100,1 stop,10262,3,6,Monday,18,15,12,35,11481.313390971663
784,784,Air India,Kolkata,Banglore,1440,1 stop,6528,15,5,Wednesday,14,35,14,35,8033.672413309789
785,785,Jet Airways,Delhi,Cochin,1210,1 stop,10262,24,6,Monday,22,50,19,0,11892.132777722603
786,786,IndiGo,Kolkata,Banglore,155,non-stop,4804,6,6,Thursday,4,40,7,15,4473.20400224152
787,787,IndiGo,Delhi,Cochin,415,1 stop,5883,24,6,Monday,18,35,1,30,6638.9565909594785
788,788,Jet Airways,Mumbai,Hyderabad,85,non-stop,5678,27,6,Thursday,2,55,4,20,4876.718119605496
789,789,Jet Airways,Kolkata,Banglore,1685,1 stop,10539,9,6,Sunday,17,0,21,5,12287.829287631523
790,790,Air India,Banglore,Delhi,170,non-stop,6121,24,4,Wednesday,13,20,16,10,5626.00962531199
791,791,Jet Airways,Kolkata,Banglore,1745,1 stop,13067,24,5,Friday,17,0,22,5,12507.198911049132
792,792,Multiple carriers,Delhi,Cochin,465,2 stops,24528,3,3,Sunday,17,50,1,35,23456.852504322647
793,793,Multiple carriers,Delhi,Cochin,835,1 stop,10406,12,6,Wednesday,7,5,21,0,10578.321990426506
794,794,IndiGo,Kolkata,Banglore,160,non-stop,4148,15,3,Friday,21,25,0,5,5138.274702691303
795,795,Vistara,Banglore,Delhi,170,non-stop,4668,12,5,Sunday,11,30,14,20,5073.811197660391
796,796,Air Asia,Kolkata,Banglore,150,non-stop,3807,18,6,Tuesday,9,45,12,15,4625.513748799695
797,797,Multiple carriers,Delhi,Cochin,660,1 stop,10197,21,5,Tuesday,8,0,19,0,10948.134084281748
798,798,Jet Airways,Delhi,Cochin,1620,2 stops,13292,15,6,Saturday,9,35,12,35,12862.96622737401
799,799,Air India,Banglore,New Delhi,1795,2 stops,8114,24,3,Sunday,17,0,22,55,9613.678566473583
800,800,Multiple carriers,Delhi,Cochin,385,1 stop,6953,27,3,Wednesday,12,50,19,15,8401.075133715818
801,801,Air India,Delhi,Cochin,1210,2 stops,10467,27,5,Monday,13,15,9,25,11525.16239775388
802,802,Air India,Kolkata,Banglore,1830,2 stops,10151,24,5,Friday,12,0,18,30,10832.076450094937
803,803,IndiGo,Kolkata,Banglore,150,non-stop,4804,12,6,Wednesday,15,15,17,45,4498.608338662143
804,804,GoAir,Banglore,New Delhi,175,non-stop,5048,24,3,Sunday,7,45,10,40,4387.231401480228
805,805,Air India,Kolkata,Banglore,1830,2 stops,9626,9,5,Thursday,12,0,18,30,10704.304805767944
806,806,Multiple carriers,Delhi,Cochin,480,1 stop,14067,24,5,Friday,13,0,21,0,10423.878910083813
807,807,SpiceJet,Mumbai,Hyderabad,90,non-stop,1965,12,5,Sunday,22,45,0,15,2199.530073826373
808,808,IndiGo,Kolkata,Banglore,155,non-stop,4804,3,6,Monday,17,15,19,50,4571.513740285368
809,809,Air India,Kolkata,Banglore,535,2 stops,8366,1,5,Wednesday,9,25,18,20,11412.725036904598
810,810,Air India,Kolkata,Banglore,810,2 stops,10697,18,5,Saturday,8,20,21,50,11719.702590963965
811,811,Jet Airways,Delhi,Cochin,535,2 stops,10368,3,6,Monday,19,30,4,25,13109.91196386555
812,812,IndiGo,Chennai,Kolkata,140,non-stop,5277,15,6,Saturday,22,5,0,25,4771.962886146824
813,813,Air India,Delhi,Cochin,965,1 stop,7480,12,6,Wednesday,17,20,9,25,7755.631367733538
814,814,Multiple carriers,Delhi,Cochin,750,1 stop,7198,15,6,Saturday,13,0,1,30,11017.033604845628
815,815,Multiple carriers,Delhi,Cochin,630,1 stop,10261,1,6,Saturday,8,45,19,15,9955.659413837673
816,816,Jet Airways,Delhi,Cochin,425,2 stops,16274,27,5,Monday,5,30,12,35,15084.305060601899
817,817,SpiceJet,Banglore,Delhi,160,non-stop,3311,15,5,Wednesday,5,55,8,35,3820.5530527274805
818,818,IndiGo,Banglore,Delhi,170,non-stop,3943,1,4,Monday,4,0,6,50,4449.470662028982
819,819,Jet Airways,Delhi,Cochin,300,1 stop,5177,1,4,Monday,14,0,19,0,8504.622554402278
820,820,SpiceJet,Delhi,Cochin,295,1 stop,5975,9,5,Thursday,17,55,22,50,5616.051024323215
821,821,IndiGo,Kolkata,Banglore,165,non-stop,4804,18,5,Saturday,9,35,12,20,4706.885720420309
822,822,Air India,Banglore,New Delhi,165,non-stop,11423,3,3,Sunday,10,0,12,45,9560.630237582487
823,823,SpiceJet,Banglore,Delhi,175,non-stop,5621,18,4,Thursday,21,10,0,5,4166.222502110781
824,824,IndiGo,Mumbai,Hyderabad,90,non-stop,4392,1,5,Wednesday,6,25,7,55,3954.863928507367
825,825,Jet Airways,Delhi,Cochin,1365,2 stops,12074,27,3,Wednesday,5,40,4,25,10108.268111035322
826,826,Jet Airways,Delhi,Cochin,550,1 stop,16289,9,3,Saturday,19,15,4,25,14726.971301367343
827,827,IndiGo,Banglore,Delhi,175,non-stop,4823,27,4,Saturday,18,25,21,20,4723.501980981064
828,828,Air India,Banglore,New Delhi,1075,2 stops,7664,15,3,Friday,5,50,23,45,9175.023409237876
829,829,Jet Airways,Delhi,Cochin,745,1 stop,17234,3,3,Sunday,16,0,4,25,16981.60491426227
830,830,IndiGo,Banglore,Delhi,175,non-stop,4823,15,4,Monday,18,55,21,50,4702.297529886373
831,831,Jet Airways,Kolkata,Banglore,365,1 stop,10844,1,5,Wednesday,16,30,22,35,12809.853876163972
832,832,Multiple carriers,Delhi,Cochin,510,1 stop,7198,6,6,Thursday,17,0,1,30,10217.140313626991
833,833,Air India,Mumbai,Hyderabad,850,1 stop,12308,6,3,Wednesday,19,0,9,10,12012.420760177469
834,834,Jet Airways,Banglore,New Delhi,435,1 stop,9134,15,3,Friday,8,55,16,10,10288.8633075019
835,835,Air India,Delhi,Cochin,180,non-stop,6094,15,5,Wednesday,14,10,17,10,6058.766324024604
836,836,Multiple carriers,Delhi,Cochin,480,1 stop,13377,27,5,Monday,17,30,1,30,10514.212067403862
837,837,Vistara,Banglore,Delhi,170,non-stop,4668,3,5,Friday,11,30,14,20,4971.944587304244
838,838,Jet Airways,Kolkata,Banglore,590,1 stop,14781,1,5,Wednesday,8,25,18,15,11746.694809570356
839,839,Jet Airways,Kolkata,Banglore,395,1 stop,14151,6,6,Thursday,17,0,23,35,12640.413922400652
840,840,SpiceJet,Kolkata,Banglore,140,non-stop,3841,12,6,Wednesday,22,20,0,40,3838.8130695374884
841,841,IndiGo,Chennai,Kolkata,135,non-stop,7295,3,3,Sunday,13,20,15,35,6681.416803377262
842,842,IndiGo,Chennai,Kolkata,165,non-stop,3540,15,6,Saturday,15,40,18,25,4356.143734893031
843,843,Multiple carriers,Delhi,Cochin,615,1 stop,6795,9,6,Sunday,15,15,1,30,9776.447216115736
844,844,Multiple carriers,Delhi,Cochin,780,1 stop,7618,24,6,Monday,8,0,21,0,10505.651619767443
845,845,Jet Airways,Kolkata,Banglore,1655,1 stop,8529,12,6,Wednesday,6,30,10,5,10710.722220971678
846,846,Multiple carriers,Delhi,Cochin,390,1 stop,7530,1,6,Saturday,19,0,1,30,9223.36709888587
847,847,GoAir,Banglore,Delhi,175,non-stop,3419,18,6,Tuesday,7,45,10,40,4108.241506280805
848,848,Jet Airways,Kolkata,Banglore,400,1 stop,14781,9,5,Thursday,14,5,20,45,12205.229611115989
849,849,Multiple carriers,Delhi,Cochin,795,1 stop,8371,27,3,Wednesday,6,0,19,15,9208.221049367703
850,850,Jet Airways,Kolkata,Banglore,1545,1 stop,10844,15,5,Wednesday,16,30,18,15,11581.68243423017
851,851,Jet Airways,Kolkata,Banglore,1015,1 stop,8824,24,3,Sunday,6,30,23,25,11785.644234677759
852,852,Jet Airways,Delhi,Cochin,1325,1 stop,10577,9,6,Sunday,20,55,19,0,12475.9372336305
853,853,Air India,Delhi,Cochin,1180,2 stops,8603,12,6,Wednesday,12,0,7,40,10681.351860108005
854,854,Air India,Chennai,Kolkata,135,non-stop,10810,3,3,Sunday,11,40,13,55,8323.728438636717
855,855,Jet Airways,Kolkata,Banglore,1120,1 stop,13067,6,5,Monday,20,25,15,5,11582.94183938588
856,856,Air India,Kolkata,Banglore,1830,2 stops,9416,12,6,Wednesday,12,0,18,30,10485.646534339834
857,857,Jet Airways,Mumbai,Hyderabad,85,non-stop,5678,9,6,Sunday,7,5,8,30,5677.345605057002
858,858,Air India,Banglore,New Delhi,665,2 stops,13576,1,3,Friday,11,5,22,10,13230.630667098552
859,859,Air India,Kolkata,Banglore,1545,1 stop,8891,12,5,Sunday,9,25,11,10,8360.405036458375
860,860,Jet Airways,Delhi,Cochin,1260,1 stop,17024,3,3,Sunday,21,50,18,50,16799.01681595929
861,861,Jet Airways,Delhi,Cochin,1045,2 stops,11150,27,6,Thursday,19,10,12,35,13097.998009509187
862,862,SpiceJet,Chennai,Kolkata,135,non-stop,3543,24,5,Friday,9,45,12,0,3664.7757668191825
863,863,Air India,Delhi,Cochin,795,1 stop,8907,27,6,Thursday,9,45,23,0,8301.240713193418
864,864,Jet Airways,Kolkata,Banglore,1285,1 stop,14781,15,5,Wednesday,18,55,16,20,11238.126464135961
865,865,Jet Airways,Kolkata,Banglore,1330,1 stop,13941,15,5,Wednesday,6,30,4,40,11075.958355534653
866,866,Air India,Banglore,New Delhi,165,non-stop,25703,1,3,Friday,21,10,23,55,17224.393255995044
867,867,SpiceJet,Mumbai,Hyderabad,90,non-stop,2753,15,6,Saturday,5,45,7,15,2422.743725071464
868,868,Jet Airways,Kolkata,Banglore,740,1 stop,10844,6,6,Thursday,8,25,20,45,12416.52733577791
869,869,IndiGo,Delhi,Cochin,575,1 stop,14871,3,3,Sunday,16,0,1,35,14983.79670139155
870,870,IndiGo,Kolkata,Banglore,160,non-stop,4804,21,5,Tuesday,21,25,0,5,4413.102682885705
871,871,Jet Airways,Delhi,Cochin,195,non-stop,9564,24,6,Monday,11,0,14,15,7429.635467740612
872,872,SpiceJet,Banglore,Delhi,170,non-stop,3625,24,6,Monday,9,30,12,20,4057.808461068097
873,873,Multiple carriers,Delhi,Cochin,705,1 stop,8266,9,5,Thursday,7,30,19,15,9295.58327948219
874,874,Vistara,Kolkata,Banglore,1440,1 stop,8085,12,6,Wednesday,20,20,20,20,8648.031306376366
875,875,IndiGo,Chennai,Kolkata,140,non-stop,3597,1,6,Saturday,14,45,17,5,4623.079101934291
876,876,Jet Airways,Kolkata,Banglore,740,1 stop,14571,24,5,Friday,8,25,20,45,12290.06437268158
877,877,Jet Airways,Banglore,Delhi,165,non-stop,5769,24,6,Monday,6,0,8,45,6581.31645277101
878,878,Multiple carriers,Delhi,Cochin,570,1 stop,13727,18,5,Saturday,11,30,21,0,10198.043623727324
879,879,Air India,Delhi,Cochin,1350,1 stop,22798,1,3,Friday,9,45,8,15,17278.3637082531
880,880,Jet Airways,Kolkata,Banglore,910,1 stop,8586,24,5,Friday,18,55,10,5,12001.346753250853
881,881,Air India,Delhi,Cochin,1420,1 stop,7952,6,6,Thursday,9,45,9,25,8090.847575219963
882,882,SpiceJet,Kolkata,Banglore,155,non-stop,3841,6,4,Saturday,6,55,9,30,3717.2837275754227
883,883,IndiGo,Delhi,Cochin,515,1 stop,13611,6,3,Wednesday,4,45,13,20,11213.937657098644
884,884,IndiGo,Banglore,Delhi,170,non-stop,3943,21,5,Tuesday,10,10,13,0,4355.825123936894
885,885,IndiGo,Kolkata,Banglore,155,non-stop,4804,27,4,Saturday,11,30,14,5,4797.715359771049
886,886,Multiple carriers,Delhi,Cochin,720,1 stop,13727,18,5,Saturday,9,0,21,0,10535.03737810842
887,887,Jet Airways,Banglore,Delhi,180,non-stop,5198,18,5,Saturday,19,50,22,50,6317.503230125123
888,888,IndiGo,Mumbai,Hyderabad,90,non-stop,4049,3,5,Friday,6,25,7,55,4675.519571196859
889,889,Jet Airways,Delhi,Cochin,1615,2 stops,13014,1,6,Saturday,9,40,12,35,12123.273101792096
890,890,IndiGo,Kolkata,Banglore,160,non-stop,4804,6,6,Thursday,21,25,0,5,4419.172517209776
891,891,IndiGo,Kolkata,Banglore,155,non-stop,4174,12,4,Friday,22,15,0,50,4805.473889122483
892,892,IndiGo,Mumbai,Hyderabad,90,non-stop,4049,1,6,Saturday,6,25,7,55,3830.0574909591487
893,893,Jet Airways,Delhi,Cochin,1575,1 stop,5406,27,3,Wednesday,17,30,19,45,9477.34485373008
894,894,Air Asia,Kolkata,Banglore,720,1 stop,5192,1,5,Wednesday,22,40,10,40,7793.097444634042
895,895,Jet Airways,Delhi,Cochin,360,1 stop,12898,27,5,Monday,13,0,19,0,13735.950895613718
896,896,IndiGo,Banglore,New Delhi,165,non-stop,4777,24,3,Sunday,1,30,4,15,4950.58226670685
897,897,IndiGo,Banglore,New Delhi,165,non-stop,4545,9,3,Saturday,0,40,3,25,6228.767045522215
898,898,IndiGo,Kolkata,Banglore,155,non-stop,4804,9,5,Thursday,15,30,18,5,4805.7649245945595
899,899,Multiple carriers,Delhi,Cochin,810,1 stop,8055,27,3,Wednesday,7,30,21,0,8709.544377359636
900,900,Jet Airways,Delhi,Cochin,1775,2 stops,15339,27,6,Thursday,13,25,19,0,13201.500521073805
901,901,Air India,Delhi,Cochin,570,1 stop,8907,1,6,Saturday,13,30,23,0,9284.301211798753
902,902,Air India,Kolkata,Banglore,1440,1 stop,6528,21,5,Tuesday,14,35,14,35,8140.527185074503
903,903,Air India,Banglore,New Delhi,965,2 stops,11474,12,3,Tuesday,6,50,22,55,12102.570396587324
904,904,Air India,Mumbai,Hyderabad,90,non-stop,3100,9,6,Sunday,13,55,15,25,3639.0678265527004
905,905,Jet Airways,Delhi,Cochin,1570,1 stop,11848,9,3,Saturday,2,15,4,25,14217.27382041344
906,906,Air India,Delhi,Cochin,185,non-stop,4729,18,3,Monday,18,5,21,10,5777.802594178744
907,907,Jet Airways,Delhi,Cochin,1390,2 stops,12819,24,6,Monday,13,25,12,35,13075.312043636904
908,908,Vistara,Kolkata,Banglore,1065,1 stop,8452,9,5,Thursday,17,0,10,45,8836.880416329652
909,909,Multiple carriers,Delhi,Cochin,675,1 stop,11761,27,5,Monday,8,0,19,15,11612.524751395304
910,910,IndiGo,Kolkata,Banglore,315,1 stop,6534,24,5,Friday,21,0,2,15,7354.209511279462
911,911,Vistara,Banglore,Delhi,170,non-stop,4668,9,5,Thursday,9,45,12,35,4916.97928691725
912,912,Jet Airways,Delhi,Cochin,830,2 stops,13376,24,6,Monday,14,35,4,25,13096.427828168355
913,913,Jet Airways,Banglore,New Delhi,1590,1 stop,11087,9,3,Saturday,7,0,9,30,12972.728914536745
914,914,Jet Airways,Banglore,Delhi,180,non-stop,7229,27,6,Thursday,19,50,22,50,6902.425240832709
915,915,Air India,Delhi,Cochin,180,non-stop,6094,9,5,Thursday,14,10,17,10,6031.11697839302
916,916,Multiple carriers,Delhi,Cochin,385,1 stop,8386,9,3,Saturday,9,45,16,10,11113.935760874012
917,917,IndiGo,Delhi,Cochin,625,1 stop,11600,3,3,Sunday,11,55,22,20,10939.947127049154
918,918,IndiGo,Chennai,Kolkata,140,non-stop,7295,24,3,Sunday,19,35,21,55,4806.270947609984
919,919,IndiGo,Delhi,Cochin,425,1 stop,6442,27,6,Thursday,5,5,12,10,6848.0824792323965
920,920,Air India,Delhi,Cochin,1600,2 stops,11806,21,5,Tuesday,5,0,7,40,11367.061481719391
921,921,Jet Airways,Delhi,Cochin,395,1 stop,12898,27,6,Thursday,21,50,4,25,13386.043209315088
922,922,Jet Airways,Kolkata,Banglore,665,1 stop,14781,1,5,Wednesday,21,10,8,15,11719.360372078001
923,923,Jet Airways,Kolkata,Banglore,590,1 stop,7064,1,4,Monday,8,25,18,15,10191.995662741396
924,924,Air India,Banglore,New Delhi,1620,3 stops,13081,1,3,Friday,5,50,8,50,20537.96561358384
925,925,IndiGo,Kolkata,Banglore,240,1 stop,4226,15,5,Wednesday,6,20,10,20,5126.816841398246
926,926,Jet Airways,Banglore,Delhi,175,non-stop,5198,12,5,Sunday,11,10,14,5,6468.1961354053365
927,927,Air Asia,Kolkata,Banglore,220,1 stop,5162,9,5,Thursday,6,50,10,30,5357.5481074191675
928,928,IndiGo,Delhi,Cochin,425,1 stop,9709,21,3,Thursday,8,25,15,30,8498.27869786639
929,929,Multiple carriers,Delhi,Cochin,385,1 stop,7242,21,3,Thursday,9,45,16,10,8536.600694735105
930,930,IndiGo,Banglore,New Delhi,300,1 stop,7708,21,3,Thursday,14,25,19,25,6725.095424842706
931,931,SpiceJet,Kolkata,Banglore,150,non-stop,3841,27,5,Monday,17,10,19,40,4012.677098570618
932,932,Air India,Kolkata,Banglore,1615,1 stop,10203,15,5,Wednesday,17,30,20,25,8992.377049835652
933,933,SpiceJet,Mumbai,Hyderabad,90,non-stop,1965,9,6,Sunday,22,45,0,15,2246.71920184198
934,934,Air India,Delhi,Cochin,555,1 stop,8879,18,5,Saturday,10,0,19,15,9498.904829492893
935,935,Multiple carriers,Delhi,Cochin,470,1 stop,7845,27,3,Wednesday,17,45,1,35,9508.753199593404
936,936,Jet Airways,Delhi,Cochin,1355,1 stop,12373,18,5,Saturday,14,0,12,35,11974.346596612208
937,937,SpiceJet,Kolkata,Banglore,315,1 stop,4963,9,5,Thursday,15,5,20,20,6105.603511326268
938,938,Jet Airways,Kolkata,Banglore,1480,1 stop,10703,12,5,Sunday,20,25,21,5,12395.9325183057
939,939,IndiGo,Delhi,Cochin,845,1 stop,8330,9,5,Thursday,11,25,1,30,7536.5431849472125
940,940,SpiceJet,Delhi,Cochin,380,1 stop,5899,15,4,Monday,15,45,22,5,6295.54337400728
941,941,SpiceJet,Delhi,Cochin,295,1 stop,5673,27,5,Monday,17,55,22,50,5405.486884867361
942,942,Air India,Kolkata,Banglore,1515,1 stop,6612,9,5,Thursday,12,0,13,15,8025.950985652078
943,943,Jet Airways,Kolkata,Banglore,1485,1 stop,10844,9,6,Sunday,20,0,20,45,11614.544049098551
944,944,IndiGo,Chennai,Kolkata,140,non-stop,3597,3,6,Monday,13,15,15,35,4014.900659310266
945,945,Multiple carriers,Delhi,Cochin,850,1 stop,14086,9,3,Saturday,6,50,21,0,12752.33375516695
946,946,Air India,Kolkata,Banglore,1105,2 stops,14214,9,5,Thursday,14,30,8,55,12800.214914211807
947,947,Multiple carriers,Delhi,Cochin,395,1 stop,13259,3,6,Monday,6,0,12,35,9827.747667365513
948,948,IndiGo,Delhi,Cochin,380,1 stop,6704,9,5,Thursday,16,10,22,30,6703.567240127006
949,949,Jet Airways,Delhi,Cochin,300,1 stop,14714,6,6,Thursday,14,0,19,0,10976.728461552659
950,950,IndiGo,Banglore,Delhi,170,non-stop,4423,6,4,Saturday,10,30,13,20,4488.663713548276
951,951,Jet Airways,Kolkata,Banglore,1335,1 stop,12681,1,4,Monday,20,0,18,15,9900.871969607237
952,952,Jet Airways,Delhi,Cochin,1015,1 stop,12898,27,5,Monday,11,30,4,25,12069.446449112951
953,953,Jet Airways,Banglore,New Delhi,1090,1 stop,9134,15,3,Friday,14,5,8,15,9688.473485889011
954,954,Jet Airways,Delhi,Cochin,805,1 stop,14714,1,6,Saturday,15,0,4,25,11671.325852113958
955,955,Jet Airways,Mumbai,Hyderabad,85,non-stop,4050,3,6,Monday,2,55,4,20,4676.316258662274
956,956,IndiGo,Kolkata,Banglore,315,1 stop,5930,12,6,Wednesday,21,0,2,15,6938.778133912108
957,957,IndiGo,Chennai,Kolkata,145,non-stop,3858,27,3,Wednesday,11,35,14,0,4195.131133512293
958,958,Jet Airways,Delhi,Cochin,1680,1 stop,12898,27,5,Monday,15,0,19,0,13513.842367796351
959,959,Vistara,Delhi,Cochin,190,non-stop,6216,27,6,Thursday,6,0,9,10,5888.758264735521
960,960,Air India,Delhi,Cochin,1545,2 stops,11543,21,5,Tuesday,5,55,7,40,12621.145562197089
961,961,Multiple carriers,Delhi,Cochin,630,1 stop,9627,1,5,Wednesday,8,30,19,0,10684.775539655326
962,962,Air India,Kolkata,Banglore,155,non-stop,4145,15,6,Saturday,20,45,23,20,4864.7256622174555
963,963,IndiGo,Chennai,Kolkata,140,non-stop,5277,27,3,Wednesday,22,5,0,25,4867.955325526181
964,964,Air India,Delhi,Cochin,700,1 stop,8372,9,6,Sunday,20,0,7,40,8486.725876101485
965,965,IndiGo,Chennai,Kolkata,140,non-stop,3597,18,6,Tuesday,19,35,21,55,4046.6691003962333
966,966,Air Asia,Delhi,Cochin,330,1 stop,6151,21,3,Thursday,16,45,22,15,7384.840231321484
967,967,Jet Airways,Mumbai,Hyderabad,90,non-stop,2759,24,3,Sunday,10,20,11,50,5675.45151408696
968,968,Air Asia,Kolkata,Banglore,955,1 stop,5192,9,5,Thursday,7,35,23,30,6400.903108399534
969,969,Jet Airways,Delhi,Cochin,715,1 stop,14714,9,6,Sunday,7,5,19,0,12781.349676619291
970,970,Jet Airways,Kolkata,Banglore,1025,1 stop,7064,1,4,Monday,6,30,23,35,9318.012742475108
971,971,Jet Airways,Delhi,Cochin,425,2 stops,14441,9,6,Sunday,5,30,12,35,14109.676326151286
972,972,Jet Airways,Banglore,Delhi,185,non-stop,7229,15,4,Monday,18,55,22,0,6012.855494707428
973,973,SpiceJet,Kolkata,Banglore,140,non-stop,3841,9,4,Tuesday,22,20,0,40,3751.4426262348907
974,974,Air India,Kolkata,Banglore,155,non-stop,4145,9,5,Thursday,20,45,23,20,4640.187382498074
975,975,Jet Airways,Kolkata,Banglore,1480,1 stop,12121,12,5,Sunday,20,25,21,5,12395.9325183057
976,976,Jet Airways,Delhi,Cochin,1250,1 stop,6017,21,3,Thursday,22,0,18,50,10323.498637715431
977,977,Jet Airways,Delhi,Cochin,195,non-stop,5443,15,4,Monday,11,0,14,15,6931.673448563313
978,978,Multiple carriers,Delhi,Cochin,525,1 stop,10197,27,5,Monday,3,50,12,35,9712.170613975244
979,979,Jet Airways,Kolkata,Banglore,1695,1 stop,14231,24,3,Sunday,13,55,18,10,12211.531387856214
980,980,GoAir,Delhi,Cochin,455,1 stop,5628,3,3,Sunday,5,45,13,20,11931.496133329958
981,981,Air India,Banglore,New Delhi,435,2 stops,17461,1,3,Friday,10,30,17,45,16258.802617165582
982,982,Jet Airways,Kolkata,Banglore,1655,1 stop,7064,1,4,Monday,8,25,12,0,8988.471965398032
983,983,Multiple carriers,Delhi,Cochin,390,1 stop,7408,15,6,Saturday,19,0,1,30,8331.366890055871
984,984,Jet Airways,Delhi,Cochin,1210,1 stop,10262,3,6,Monday,22,50,19,0,12672.371776634855
985,985,Vistara,Kolkata,Banglore,700,1 stop,8610,12,6,Wednesday,7,10,18,50,8888.2376117105
986,986,Jet Airways,Delhi,Cochin,650,1 stop,12767,21,3,Thursday,8,0,18,50,10721.843897525288
987,987,Multiple carriers,Delhi,Cochin,480,1 stop,7408,6,6,Thursday,13,0,21,0,11224.475727580679
988,988,SpiceJet,Kolkata,Banglore,150,non-stop,6982,12,3,Tuesday,9,0,11,30,4490.161360490414
989,989,IndiGo,Mumbai,Hyderabad,85,non-stop,2754,27,3,Wednesday,12,0,13,25,3233.808166233127
990,990,IndiGo,Delhi,Cochin,965,1 stop,6758,18,5,Saturday,4,55,21,0,6838.270995023756
991,991,Air India,Kolkata,Banglore,1840,2 stops,12723,24,5,Friday,5,50,12,30,12668.76395865946
992,992,Air India,Delhi,Cochin,1220,2 stops,10975,12,6,Wednesday,13,5,9,25,10670.701921530517
993,993,SpiceJet,Chennai,Kolkata,140,non-stop,3543,18,6,Tuesday,17,45,20,5,4203.885409346719
994,994,Jet Airways,Kolkata,Banglore,1005,1 stop,9314,1,5,Wednesday,17,0,9,45,11124.064474477776
995,995,Air India,Mumbai,Hyderabad,80,non-stop,2575,24,3,Sunday,6,20,7,40,3302.7911767646738
996,996,Jet Airways,Delhi,Cochin,300,1 stop,10262,27,6,Thursday,14,0,19,0,12425.819837921512
997,997,Jet Airways,Delhi,Cochin,520,1 stop,10577,9,6,Sunday,19,45,4,25,11954.077803276761
998,998,Jet Airways,Delhi,Cochin,195,non-stop,9564,12,5,Sunday,11,0,14,15,7607.26667952169
999,999,IndiGo,Mumbai,Hyderabad,90,non-stop,2754,1,4,Monday,19,5,20,35,2911.741000824015
1000,1000,Jet Airways,Delhi,Cochin,395,1 stop,12242,27,3,Wednesday,21,50,4,25,10525.418226862594
1001,1001,Air Asia,Kolkata,Banglore,150,non-stop,4409,18,4,Thursday,19,55,22,25,4446.282255479373
1002,1002,Jet Airways,Delhi,Cochin,1295,1 stop,10262,27,6,Thursday,15,0,12,35,11069.574686957912
1003,1003,Air India,Mumbai,Hyderabad,80,non-stop,3100,24,5,Friday,6,20,7,40,3932.043194230261
1004,1004,Vistara,Banglore,Delhi,170,non-stop,4668,6,5,Monday,11,30,14,20,4848.377818341012
1005,1005,Jet Airways,Kolkata,Banglore,800,1 stop,10539,12,6,Wednesday,20,25,9,45,11390.545656910846
1006,1006,Air Asia,Delhi,Cochin,865,1 stop,8327,9,3,Saturday,16,45,7,10,10193.332852378155
1007,1007,Vistara,Banglore,Delhi,170,non-stop,5403,1,4,Monday,21,0,23,50,5168.805864485588
1008,1008,SpiceJet,Mumbai,Hyderabad,80,non-stop,2437,18,3,Monday,13,10,14,30,3057.392868989593
1009,1009,Vistara,Banglore,Delhi,170,non-stop,5613,6,4,Saturday,9,45,12,35,4960.447062251344
1010,1010,Air Asia,Delhi,Cochin,865,1 stop,7353,9,5,Thursday,16,45,7,10,7954.741715306985
1011,1011,Air India,Kolkata,Banglore,155,non-stop,4145,27,5,Monday,20,45,23,20,4688.891367416765
1012,1012,Jet Airways,Delhi,Cochin,1760,2 stops,15339,15,6,Saturday,23,5,4,25,13876.061879388157
1013,1013,Air India,Banglore,Delhi,180,non-stop,6961,21,5,Tuesday,5,45,8,45,5187.099802094221
1014,1014,IndiGo,Banglore,Delhi,180,non-stop,4823,12,6,Wednesday,16,55,19,55,4653.210757860095
1015,1015,SpiceJet,Mumbai,Hyderabad,90,non-stop,1965,18,5,Saturday,5,45,7,15,2330.3513692162915
1016,1016,Multiple carriers,Delhi,Cochin,835,1 stop,10406,27,5,Monday,7,5,21,0,10140.664150551578
1017,1017,Air India,Kolkata,Banglore,245,1 stop,8996,12,5,Sunday,9,10,13,15,6710.521750086684
1018,1018,Jet Airways,Kolkata,Banglore,590,1 stop,10844,1,5,Wednesday,8,25,18,15,11746.694809570356
1019,1019,Jet Airways,Banglore,Delhi,180,non-stop,4544,24,4,Wednesday,8,20,11,20,6251.244895963118
1020,1020,IndiGo,Chennai,Kolkata,145,non-stop,3858,9,6,Sunday,11,35,14,0,4344.642092698467
1021,1021,IndiGo,Kolkata,Banglore,165,non-stop,4804,24,4,Wednesday,9,35,12,20,4733.607705199786
1022,1022,Jet Airways,Mumbai,Hyderabad,85,non-stop,5678,9,6,Sunday,2,55,4,20,4705.076518027536
1023,1023,SpiceJet,Banglore,Delhi,175,non-stop,3625,15,5,Wednesday,21,10,0,5,3771.6565526403137
1024,1024,Vistara,Kolkata,Banglore,975,1 stop,8610,12,6,Wednesday,7,10,23,25,8432.35301887471
1025,1025,Jet Airways,Banglore,Delhi,180,non-stop,4030,1,5,Wednesday,7,10,10,10,6658.246908801781
1026,1026,Jet Airways,Delhi,Cochin,1025,2 stops,10368,18,5,Saturday,19,30,12,35,13784.526901996747
1027,1027,SpiceJet,Kolkata,Banglore,155,non-stop,3841,21,6,Friday,6,55,9,30,3896.6059597319063
1028,1028,Jet Airways,Delhi,Cochin,620,1 stop,5177,3,4,Wednesday,2,15,12,35,9239.856657800192
1029,1029,IndiGo,Delhi,Cochin,500,1 stop,7081,18,5,Saturday,17,10,1,30,7151.495320004692
1030,1030,Air India,Mumbai,Hyderabad,85,non-stop,3100,9,6,Sunday,15,0,16,25,3675.2506993563193
1031,1031,Multiple carriers,Delhi,Cochin,630,1 stop,11200,15,6,Saturday,8,30,19,0,10464.709209486724
1032,1032,SpiceJet,Kolkata,Banglore,140,non-stop,3841,27,4,Saturday,22,20,0,40,3949.3996138552047
1033,1033,IndiGo,Kolkata,Banglore,265,1 stop,3574,21,5,Tuesday,19,20,23,45,4677.950104292038
1034,1034,Air India,Kolkata,Banglore,1255,2 stops,13432,18,5,Saturday,16,50,13,45,13518.457074960561
1035,1035,Jet Airways,Banglore,Delhi,175,non-stop,4544,21,4,Sunday,15,15,18,10,6348.21701215425
1036,1036,Vistara,Kolkata,Banglore,1580,1 stop,8662,6,6,Thursday,20,20,22,40,8593.303369394927
1037,1037,SpiceJet,Kolkata,Banglore,330,1 stop,8224,9,5,Thursday,15,55,21,25,7576.685123018001
1038,1038,Jet Airways,Banglore,Delhi,185,non-stop,7229,24,4,Wednesday,18,55,22,0,5790.646318153036
1039,1039,Multiple carriers,Delhi,Cochin,505,1 stop,10877,6,6,Thursday,10,35,19,0,10377.87748202255
1040,1040,Vistara,Banglore,Delhi,170,non-stop,4668,1,5,Wednesday,21,0,23,50,5185.569666837335
1041,1041,Vistara,Banglore,New Delhi,175,non-stop,4878,21,3,Thursday,21,10,0,5,6489.953707386156
1042,1042,Air India,Delhi,Cochin,375,1 stop,8372,9,5,Thursday,13,0,19,15,9183.543762337791
1043,1043,Jet Airways,Delhi,Cochin,1025,2 stops,11733,6,6,Thursday,19,30,12,35,12833.58514571961
1044,1044,Jet Airways,Delhi,Cochin,440,2 stops,21219,9,5,Thursday,11,40,19,0,17603.43940264284
1045,1045,Air India,Delhi,Cochin,500,2 stops,11753,9,5,Thursday,10,55,19,15,12009.051335524573
